3185,https://pawscomp2.sis.pitt.edu/pcex-authoring/assets/preview/index.html?load=https://pawscomp2.sis.pitt.edu/pcex-authoring/api/hub/664e23fd91363872f0ba32ea?_t=1737308743161
3186,https://pawscomp2.sis.pitt.edu/pcex-authoring/assets/preview/index.html?load=https://pawscomp2.sis.pitt.edu/pcex-authoring/api/hub/664e241291363872f0ba32f4?_t=1724341389810
3187,https://pawscomp2.sis.pitt.edu/pcex-authoring/assets/preview/index.html?load=https://pawscomp2.sis.pitt.edu/pcex-authoring/api/hub/664e241c91363872f0ba32fc?_t=1724341390311
3188,https://pawscomp2.sis.pitt.edu/pcex-authoring/assets/preview/index.html?load=https://pawscomp2.sis.pitt.edu/pcex-authoring/api/hub/664e242391363872f0ba3302?_t=1724341390821
3189,https://pawscomp2.sis.pitt.edu/pcex-authoring/assets/preview/index.html?load=https://pawscomp2.sis.pitt.edu/pcex-authoring/api/hub/664e242891363872f0ba3309?_t=1724341391311
3190,https://pawscomp2.sis.pitt.edu/pcex-authoring/assets/preview/index.html?load=https://pawscomp2.sis.pitt.edu/pcex-authoring/api/hub/664e246091363872f0ba3313?_t=1724341391810
3191,https://pawscomp2.sis.pitt.edu/pcex-authoring/assets/preview/index.html?load=https://pawscomp2.sis.pitt.edu/pcex-authoring/api/hub/664e24ba91363872f0ba331f?_t=1724341392310
3192,https://pawscomp2.sis.pitt.edu/pcex-authoring/assets/preview/index.html?load=https://pawscomp2.sis.pitt.edu/pcex-authoring/api/hub/664e24ea91363872f0ba3328?_t=1724341393485
3193,https://pawscomp2.sis.pitt.edu/pcex-authoring/assets/preview/index.html?load=https://pawscomp2.sis.pitt.edu/pcex-authoring/api/hub/664e24f091363872f0ba3330?_t=1737308728345
3194,https://pawscomp2.sis.pitt.edu/pcex-authoring/assets/preview/index.html?load=https://pawscomp2.sis.pitt.edu/pcex-authoring/api/hub/664e250f91363872f0ba3338?_t=1724341395482
3195,https://pawscomp2.sis.pitt.edu/pcex-authoring/assets/preview/index.html?load=https://pawscomp2.sis.pitt.edu/pcex-authoring/api/hub/664e255b91363872f0ba3343?_t=1724341396487
3196,https://pawscomp2.sis.pitt.edu/pcex-authoring/assets/preview/index.html?load=https://pawscomp2.sis.pitt.edu/pcex-authoring/api/hub/664e256191363872f0ba334b?_t=1737308757213
3197,https://pawscomp2.sis.pitt.edu/pcex-authoring/assets/preview/index.html?load=https://pawscomp2.sis.pitt.edu/pcex-authoring/api/hub/664e256f91363872f0ba3353?_t=1724341397891
3198,https://pawscomp2.sis.pitt.edu/pcex-authoring/assets/preview/index.html?load=https://pawscomp2.sis.pitt.edu/pcex-authoring/api/hub/664e257791363872f0ba3359?_t=1724341398305
3199,https://pawscomp2.sis.pitt.edu/pcex-authoring/assets/preview/index.html?load=https://pawscomp2.sis.pitt.edu/pcex-authoring/api/hub/664e258091363872f0ba3362?_t=1724341398804
3200,https://pawscomp2.sis.pitt.edu/pcex-authoring/assets/preview/index.html?load=https://pawscomp2.sis.pitt.edu/pcex-authoring/api/hub/664e25a991363872f0ba336b?_t=1724341399311
3201,https://pawscomp2.sis.pitt.edu/pcex-authoring/assets/preview/index.html?load=https://pawscomp2.sis.pitt.edu/pcex-authoring/api/hub/664e25c391363872f0ba3371?_t=1724341399804
3202,https://pawscomp2.sis.pitt.edu/pcex-authoring/assets/preview/index.html?load=https://pawscomp2.sis.pitt.edu/pcex-authoring/api/hub/664e25cd91363872f0ba337a?_t=1737309018945
3203,https://pawscomp2.sis.pitt.edu/pcex-authoring/assets/preview/index.html?load=https://pawscomp2.sis.pitt.edu/pcex-authoring/api/hub/664e25d691363872f0ba3383?_t=1724341400805
3204,https://pawscomp2.sis.pitt.edu/pcex-authoring/assets/preview/index.html?load=https://pawscomp2.sis.pitt.edu/pcex-authoring/api/hub/664e25e491363872f0ba338b?_t=1724341401304
3205,https://pawscomp2.sis.pitt.edu/pcex-authoring/assets/preview/index.html?load=https://pawscomp2.sis.pitt.edu/pcex-authoring/api/hub/664e26c591363872f0ba3391?_t=1724341401808
3206,https://pawscomp2.sis.pitt.edu/pcex-authoring/assets/preview/index.html?load=https://pawscomp2.sis.pitt.edu/pcex-authoring/api/hub/664e26d191363872f0ba339a?_t=1724341402310
3207,https://pawscomp2.sis.pitt.edu/pcex-authoring/assets/preview/index.html?load=https://pawscomp2.sis.pitt.edu/pcex-authoring/api/hub/664e26d791363872f0ba33a1?_t=1724341402806
3208,https://pawscomp2.sis.pitt.edu/pcex-authoring/assets/preview/index.html?load=https://pawscomp2.sis.pitt.edu/pcex-authoring/api/hub/664e26df91363872f0ba33a6?_t=1724341403303
3209,https://pawscomp2.sis.pitt.edu/pcex-authoring/assets/preview/index.html?load=https://pawscomp2.sis.pitt.edu/pcex-authoring/api/hub/664e26e991363872f0ba33ab?_t=1724341403803
3210,https://pawscomp2.sis.pitt.edu/pcex-authoring/assets/preview/index.html?load=https://pawscomp2.sis.pitt.edu/pcex-authoring/api/hub/664e270491363872f0ba33b4?_t=1737308880304
3211,https://pawscomp2.sis.pitt.edu/pcex-authoring/assets/preview/index.html?load=https://pawscomp2.sis.pitt.edu/pcex-authoring/api/hub/664e272e91363872f0ba33bd?_t=1724341404803
3212,https://pawscomp2.sis.pitt.edu/pcex-authoring/assets/preview/index.html?load=https://pawscomp2.sis.pitt.edu/pcex-authoring/api/hub/664e274891363872f0ba33c5?_t=1737309067504
3213,https://pawscomp2.sis.pitt.edu/pcex-authoring/assets/preview/index.html?load=https://pawscomp2.sis.pitt.edu/pcex-authoring/api/hub/664e284a91363872f0ba33dd?_t=1724341405806
3214,https://pawscomp2.sis.pitt.edu/pcex-authoring/assets/preview/index.html?load=https://pawscomp2.sis.pitt.edu/pcex-authoring/api/hub/664e292791363872f0ba33ed?_t=1737308773057
3215,https://pawscomp2.sis.pitt.edu/pcex-authoring/assets/preview/index.html?load=https://pawscomp2.sis.pitt.edu/pcex-authoring/api/hub/664e296891363872f0ba33f5?_t=1724341407480
3216,https://pawscomp2.sis.pitt.edu/pcex-authoring/assets/preview/index.html?load=https://pawscomp2.sis.pitt.edu/pcex-authoring/api/hub/664e296f91363872f0ba33fc?_t=1724341408493
3217,https://pawscomp2.sis.pitt.edu/pcex-authoring/assets/preview/index.html?load=https://pawscomp2.sis.pitt.edu/pcex-authoring/api/hub/664e2a0891363872f0ba3404?_t=1724341409481
3218,https://pawscomp2.sis.pitt.edu/pcex-authoring/assets/preview/index.html?load=https://pawscomp2.sis.pitt.edu/pcex-authoring/api/hub/664e2a1491363872f0ba340a?_t=1724341410477
3219,https://pawscomp2.sis.pitt.edu/pcex-authoring/assets/preview/index.html?load=https://pawscomp2.sis.pitt.edu/pcex-authoring/api/hub/664e2a6091363872f0ba3411?_t=1724341411482
3220,https://pawscomp2.sis.pitt.edu/pcex-authoring/assets/preview/index.html?load=https://pawscomp2.sis.pitt.edu/pcex-authoring/api/hub/664e2a8c91363872f0ba3417?_t=1724341412480
3221,https://pawscomp2.sis.pitt.edu/pcex-authoring/assets/preview/index.html?load=https://pawscomp2.sis.pitt.edu/pcex-authoring/api/hub/664e2ab591363872f0ba341e?_t=1737309074242
3222,https://pawscomp2.sis.pitt.edu/pcex-authoring/assets/preview/index.html?load=https://pawscomp2.sis.pitt.edu/pcex-authoring/api/hub/664e2ac291363872f0ba3424?_t=1724341414478
3223,https://pawscomp2.sis.pitt.edu/pcex-authoring/assets/preview/index.html?load=https://pawscomp2.sis.pitt.edu/pcex-authoring/api/hub/664e2ac891363872f0ba3429?_t=1724341415501
3224,https://pawscomp2.sis.pitt.edu/pcex-authoring/assets/preview/index.html?load=https://pawscomp2.sis.pitt.edu/pcex-authoring/api/hub/664e2c1291363872f0ba3432?_t=1724341416485
3225,https://pawscomp2.sis.pitt.edu/pcex-authoring/assets/preview/index.html?load=https://pawscomp2.sis.pitt.edu/pcex-authoring/api/hub/664e2c3291363872f0ba3439?_t=1724341417400
3226,https://pawscomp2.sis.pitt.edu/pcex-authoring/assets/preview/index.html?load=https://pawscomp2.sis.pitt.edu/pcex-authoring/api/hub/664e2c4f91363872f0ba343f?_t=1724341417808
3227,https://pawscomp2.sis.pitt.edu/pcex-authoring/assets/preview/index.html?load=https://pawscomp2.sis.pitt.edu/pcex-authoring/api/hub/664e2c5691363872f0ba3446?_t=1724341418303
3228,https://pawscomp2.sis.pitt.edu/pcex-authoring/assets/preview/index.html?load=https://pawscomp2.sis.pitt.edu/pcex-authoring/api/hub/664e2c6d91363872f0ba344e?_t=1737308992712
3229,https://pawscomp2.sis.pitt.edu/pcex-authoring/assets/preview/index.html?load=https://pawscomp2.sis.pitt.edu/pcex-authoring/api/hub/664e2c7e91363872f0ba3454?_t=1724341419482
3230,https://pawscomp2.sis.pitt.edu/pcex-authoring/assets/preview/index.html?load=https://pawscomp2.sis.pitt.edu/pcex-authoring/api/hub/664e2c8391363872f0ba345b?_t=1724341420485
3231,https://pawscomp2.sis.pitt.edu/pcex-authoring/assets/preview/index.html?load=https://pawscomp2.sis.pitt.edu/pcex-authoring/api/hub/664e2c8691363872f0ba3461?_t=1724341421488
3232,https://pawscomp2.sis.pitt.edu/pcex-authoring/assets/preview/index.html?load=https://pawscomp2.sis.pitt.edu/pcex-authoring/api/hub/664e2c8b91363872f0ba3468?_t=1737308929144
3233,https://pawscomp2.sis.pitt.edu/pcex-authoring/assets/preview/index.html?load=https://pawscomp2.sis.pitt.edu/pcex-authoring/api/hub/664e2c8f91363872f0ba3470?_t=1724341423480
3234,https://pawscomp2.sis.pitt.edu/pcex-authoring/assets/preview/index.html?load=https://pawscomp2.sis.pitt.edu/pcex-authoring/api/hub/664e2d5191363872f0ba3476?_t=1724341424484
3235,https://pawscomp2.sis.pitt.edu/pcex-authoring/assets/preview/index.html?load=https://pawscomp2.sis.pitt.edu/pcex-authoring/api/hub/664e2d5b91363872f0ba347d?_t=1724341425508
3236,https://pawscomp2.sis.pitt.edu/pcex-authoring/assets/preview/index.html?load=https://pawscomp2.sis.pitt.edu/pcex-authoring/api/hub/664e2d6191363872f0ba3487?_t=1724341426481
3237,https://pawscomp2.sis.pitt.edu/pcex-authoring/assets/preview/index.html?load=https://pawscomp2.sis.pitt.edu/pcex-authoring/api/hub/664e2d6491363872f0ba348e?_t=1724341427484
3238,https://pawscomp2.sis.pitt.edu/pcex-authoring/assets/preview/index.html?load=https://pawscomp2.sis.pitt.edu/pcex-authoring/api/hub/664e2d7391363872f0ba3499?_t=1724341428483
3239,https://pawscomp2.sis.pitt.edu/pcex-authoring/assets/preview/index.html?load=https://pawscomp2.sis.pitt.edu/pcex-authoring/api/hub/664e2d8291363872f0ba34a1?_t=1724341429490
3240,https://pawscomp2.sis.pitt.edu/pcex-authoring/assets/preview/index.html?load=https://pawscomp2.sis.pitt.edu/pcex-authoring/api/hub/664e2d8991363872f0ba34a8?_t=1724341430489
3241,https://pawscomp2.sis.pitt.edu/pcex-authoring/assets/preview/index.html?load=https://pawscomp2.sis.pitt.edu/pcex-authoring/api/hub/664e2dc591363872f0ba34b0?_t=1724341431482
3242,https://pawscomp2.sis.pitt.edu/pcex-authoring/assets/preview/index.html?load=https://pawscomp2.sis.pitt.edu/pcex-authoring/api/hub/664e2de091363872f0ba34b8?_t=1724341432490
3243,https://pawscomp2.sis.pitt.edu/pcex-authoring/assets/preview/index.html?load=https://pawscomp2.sis.pitt.edu/pcex-authoring/api/hub/664e2e0a91363872f0ba34c2?_t=1724341433490
3244,https://pawscomp2.sis.pitt.edu/pcex-authoring/assets/preview/index.html?load=https://pawscomp2.sis.pitt.edu/pcex-authoring/api/hub/664e2e3791363872f0ba34cd?_t=1724341434483
3245,https://pawscomp2.sis.pitt.edu/pcex-authoring/assets/preview/index.html?load=https://pawscomp2.sis.pitt.edu/pcex-authoring/api/hub/664e2e4391363872f0ba34d6?_t=1737308953349
3246,https://pawscomp2.sis.pitt.edu/pcex-authoring/assets/preview/index.html?load=https://pawscomp2.sis.pitt.edu/pcex-authoring/api/hub/664e2e4891363872f0ba34de?_t=1737308826992
3247,https://pawscomp2.sis.pitt.edu/pcex-authoring/assets/preview/index.html?load=https://pawscomp2.sis.pitt.edu/pcex-authoring/api/hub/664e2e4d91363872f0ba34e6?_t=1737308840403
3248,https://pawscomp2.sis.pitt.edu/pcex-authoring/assets/preview/index.html?load=https://pawscomp2.sis.pitt.edu/pcex-authoring/api/hub/664e2ea991363872f0ba34ee?_t=1724341438487
3249,https://pawscomp2.sis.pitt.edu/pcex-authoring/assets/preview/index.html?load=https://pawscomp2.sis.pitt.edu/pcex-authoring/api/hub/664e2eee91363872f0ba34f6?_t=1724341439491
3250,https://pawscomp2.sis.pitt.edu/pcex-authoring/assets/preview/index.html?load=https://pawscomp2.sis.pitt.edu/pcex-authoring/api/hub/664e2ef791363872f0ba3500?_t=1724341440483
3251,https://pawscomp2.sis.pitt.edu/pcex-authoring/assets/preview/index.html?load=https://pawscomp2.sis.pitt.edu/pcex-authoring/api/hub/664e2f0891363872f0ba350b?_t=1724341441500
3252,https://pawscomp2.sis.pitt.edu/pcex-authoring/assets/preview/index.html?load=https://pawscomp2.sis.pitt.edu/pcex-authoring/api/hub/664e2f5f91363872f0ba3514?_t=1724341442481
3253,https://pawscomp2.sis.pitt.edu/pcex-authoring/assets/preview/index.html?load=https://pawscomp2.sis.pitt.edu/pcex-authoring/api/hub/664e2fa591363872f0ba351c?_t=1737308904332
3254,https://pawscomp2.sis.pitt.edu/pcex-authoring/assets/preview/index.html?load=https://pawscomp2.sis.pitt.edu/pcex-authoring/api/hub/664e2fad91363872f0ba3522?_t=1724341444476
3255,https://pawscomp2.sis.pitt.edu/pcex-authoring/assets/preview/index.html?load=https://pawscomp2.sis.pitt.edu/pcex-authoring/api/hub/664e2fcf91363872f0ba3529?_t=1724341445352
3256,https://pawscomp2.sis.pitt.edu/pcex-authoring/assets/preview/index.html?load=https://pawscomp2.sis.pitt.edu/pcex-authoring/api/hub/664e2fe291363872f0ba352f?_t=1724341445833
3257,https://pawscomp2.sis.pitt.edu/pcex-authoring/assets/preview/index.html?load=https://pawscomp2.sis.pitt.edu/pcex-authoring/api/hub/664e2fea91363872f0ba3538?_t=1724341446313
3258,https://pawscomp2.sis.pitt.edu/pcex-authoring/assets/preview/index.html?load=https://pawscomp2.sis.pitt.edu/pcex-authoring/api/hub/664e3c1c91363872f0ba3547?_t=1724341446809
3259,https://pawscomp2.sis.pitt.edu/pcex-authoring/assets/preview/index.html?load=https://pawscomp2.sis.pitt.edu/pcex-authoring/api/hub/664e3c3291363872f0ba354f?_t=1724341447305
3260,https://pawscomp2.sis.pitt.edu/pcex-authoring/assets/preview/index.html?load=https://pawscomp2.sis.pitt.edu/pcex-authoring/api/hub/664e3c5a91363872f0ba3555?_t=1724341447825
3261,https://pawscomp2.sis.pitt.edu/pcex-authoring/assets/preview/index.html?load=https://pawscomp2.sis.pitt.edu/pcex-authoring/api/hub/664e3c6491363872f0ba355a?_t=1724341448307
3262,https://pawscomp2.sis.pitt.edu/pcex-authoring/assets/preview/index.html?load=https://pawscomp2.sis.pitt.edu/pcex-authoring/api/hub/664e3c6f91363872f0ba355f?_t=1724341448810
3263,https://pawscomp2.sis.pitt.edu/pcex-authoring/assets/preview/index.html?load=https://pawscomp2.sis.pitt.edu/pcex-authoring/api/hub/664e3c7791363872f0ba3566?_t=1724341449328
3264,https://pawscomp2.sis.pitt.edu/pcex-authoring/assets/preview/index.html?load=https://pawscomp2.sis.pitt.edu/pcex-authoring/api/hub/664e3c8b91363872f0ba356e?_t=1737308970561
3265,https://pawscomp2.sis.pitt.edu/pcex-authoring/assets/preview/index.html?load=https://pawscomp2.sis.pitt.edu/pcex-authoring/api/hub/664e3c9291363872f0ba3576?_t=1724341450311
3266,https://pawscomp2.sis.pitt.edu/pcex-authoring/assets/preview/index.html?load=https://pawscomp2.sis.pitt.edu/pcex-authoring/api/hub/664e3c9c91363872f0ba3580?_t=1724341450808
3267,https://pawscomp2.sis.pitt.edu/pcex-authoring/assets/preview/index.html?load=https://pawscomp2.sis.pitt.edu/pcex-authoring/api/hub/664e3ca591363872f0ba358b?_t=1737308892239
3268,https://pawscomp2.sis.pitt.edu/pcex-authoring/assets/preview/index.html?load=https://pawscomp2.sis.pitt.edu/pcex-authoring/api/hub/664e3cae91363872f0ba3596?_t=1724341451807
3269,https://pawscomp2.sis.pitt.edu/pcex-authoring/assets/preview/index.html?load=https://pawscomp2.sis.pitt.edu/pcex-authoring/api/hub/664e3cd891363872f0ba35a1?_t=1724341452308
3270,https://pawscomp2.sis.pitt.edu/pcex-authoring/assets/preview/index.html?load=https://pawscomp2.sis.pitt.edu/pcex-authoring/api/hub/664e3cf391363872f0ba35a8?_t=1724341452828
3271,https://pawscomp2.sis.pitt.edu/pcex-authoring/assets/preview/index.html?load=https://pawscomp2.sis.pitt.edu/pcex-authoring/api/hub/664e3d3491363872f0ba35af?_t=1737308965144
3272,https://pawscomp2.sis.pitt.edu/pcex-authoring/assets/preview/index.html?load=https://pawscomp2.sis.pitt.edu/pcex-authoring/api/hub/664e3d8a91363872f0ba35b7?_t=1724341453809
3273,https://pawscomp2.sis.pitt.edu/pcex-authoring/assets/preview/index.html?load=https://pawscomp2.sis.pitt.edu/pcex-authoring/api/hub/664e3dc191363872f0ba35c1?_t=1724341454308
3274,https://pawscomp2.sis.pitt.edu/pcex-authoring/assets/preview/index.html?load=https://pawscomp2.sis.pitt.edu/pcex-authoring/api/hub/664e3e4191363872f0ba35cc?_t=1724341454807
3275,https://pawscomp2.sis.pitt.edu/pcex-authoring/assets/preview/index.html?load=https://pawscomp2.sis.pitt.edu/pcex-authoring/api/hub/664e3e9691363872f0ba35d5?_t=1724341455318
3276,https://pawscomp2.sis.pitt.edu/pcex-authoring/assets/preview/index.html?load=https://pawscomp2.sis.pitt.edu/pcex-authoring/api/hub/664e3eac91363872f0ba35df?_t=1724341455810
3277,https://pawscomp2.sis.pitt.edu/pcex-authoring/assets/preview/index.html?load=https://pawscomp2.sis.pitt.edu/pcex-authoring/api/hub/664e3eba91363872f0ba35e8?_t=1724341456310
3278,https://pawscomp2.sis.pitt.edu/pcex-authoring/assets/preview/index.html?load=https://pawscomp2.sis.pitt.edu/pcex-authoring/api/hub/664e3ee091363872f0ba35f0?_t=1724341456805
3279,https://pawscomp2.sis.pitt.edu/pcex-authoring/assets/preview/index.html?load=https://pawscomp2.sis.pitt.edu/pcex-authoring/api/hub/664e3efd91363872f0ba35f8?_t=1724341457330
3280,https://pawscomp2.sis.pitt.edu/pcex-authoring/assets/preview/index.html?load=https://pawscomp2.sis.pitt.edu/pcex-authoring/api/hub/664e3f0891363872f0ba3600?_t=1724341457807
3281,https://pawscomp2.sis.pitt.edu/pcex-authoring/assets/preview/index.html?load=https://pawscomp2.sis.pitt.edu/pcex-authoring/api/hub/664e40df91363872f0ba360a?_t=1737308942382
3282,https://pawscomp2.sis.pitt.edu/pcex-authoring/assets/preview/index.html?load=https://pawscomp2.sis.pitt.edu/pcex-authoring/api/hub/664e40ee91363872f0ba3613?_t=1724341458807
3283,https://pawscomp2.sis.pitt.edu/pcex-authoring/assets/preview/index.html?load=https://pawscomp2.sis.pitt.edu/pcex-authoring/api/hub/664e40f991363872f0ba361b?_t=1724341459308
3284,https://pawscomp2.sis.pitt.edu/pcex-authoring/assets/preview/index.html?load=https://pawscomp2.sis.pitt.edu/pcex-authoring/api/hub/664e410691363872f0ba3625?_t=1724341459809
3285,https://pawscomp2.sis.pitt.edu/pcex-authoring/assets/preview/index.html?load=https://pawscomp2.sis.pitt.edu/pcex-authoring/api/hub/664e412291363872f0ba3632?_t=1724341460315
3286,https://pawscomp2.sis.pitt.edu/pcex-authoring/assets/preview/index.html?load=https://pawscomp2.sis.pitt.edu/pcex-authoring/api/hub/664e413491363872f0ba363c?_t=1724341460807
3287,https://pawscomp2.sis.pitt.edu/pcex-authoring/assets/preview/index.html?load=https://pawscomp2.sis.pitt.edu/pcex-authoring/api/hub/664e413991363872f0ba3642?_t=1724341461307
3288,https://pawscomp2.sis.pitt.edu/pcex-authoring/assets/preview/index.html?load=https://pawscomp2.sis.pitt.edu/pcex-authoring/api/hub/664e415691363872f0ba3649?_t=1724341461809
3289,https://pawscomp2.sis.pitt.edu/pcex-authoring/assets/preview/index.html?load=https://pawscomp2.sis.pitt.edu/pcex-authoring/api/hub/664e416691363872f0ba364f?_t=1724341462303
3290,https://pawscomp2.sis.pitt.edu/pcex-authoring/assets/preview/index.html?load=https://pawscomp2.sis.pitt.edu/pcex-authoring/api/hub/664e416c91363872f0ba3654?_t=1724341462816
3291,https://pawscomp2.sis.pitt.edu/pcex-authoring/assets/preview/index.html?load=https://pawscomp2.sis.pitt.edu/pcex-authoring/api/hub/664e418191363872f0ba365d?_t=1724341463318
3292,https://pawscomp2.sis.pitt.edu/pcex-authoring/assets/preview/index.html?load=https://pawscomp2.sis.pitt.edu/pcex-authoring/api/hub/664e419c91363872f0ba3668?_t=1724341463808
3293,https://pawscomp2.sis.pitt.edu/pcex-authoring/assets/preview/index.html?load=https://pawscomp2.sis.pitt.edu/pcex-authoring/api/hub/664e41d191363872f0ba3673?_t=1724341464309
3294,https://pawscomp2.sis.pitt.edu/pcex-authoring/assets/preview/index.html?load=https://pawscomp2.sis.pitt.edu/pcex-authoring/api/hub/664e41ec91363872f0ba367a?_t=1724341464807
3295,https://pawscomp2.sis.pitt.edu/pcex-authoring/assets/preview/index.html?load=https://pawscomp2.sis.pitt.edu/pcex-authoring/api/hub/664e41f491363872f0ba367f?_t=1724341465306
3296,https://pawscomp2.sis.pitt.edu/pcex-authoring/assets/preview/index.html?load=https://pawscomp2.sis.pitt.edu/pcex-authoring/api/hub/664e421991363872f0ba3686?_t=1737309032598
3297,https://pawscomp2.sis.pitt.edu/pcex-authoring/assets/preview/index.html?load=https://pawscomp2.sis.pitt.edu/pcex-authoring/api/hub/664e422491363872f0ba368e?_t=1724341466307
3298,https://pawscomp2.sis.pitt.edu/pcex-authoring/assets/preview/index.html?load=https://pawscomp2.sis.pitt.edu/pcex-authoring/api/hub/664e422b91363872f0ba3696?_t=1724341466803
3299,https://pawscomp2.sis.pitt.edu/pcex-authoring/assets/preview/index.html?load=https://pawscomp2.sis.pitt.edu/pcex-authoring/api/hub/664e423291363872f0ba36a0?_t=1724341467308
3300,https://pawscomp2.sis.pitt.edu/pcex-authoring/assets/preview/index.html?load=https://pawscomp2.sis.pitt.edu/pcex-authoring/api/hub/664e423991363872f0ba36a9?_t=1724341467813
3301,https://pawscomp2.sis.pitt.edu/pcex-authoring/assets/preview/index.html?load=https://pawscomp2.sis.pitt.edu/pcex-authoring/api/hub/664e424a91363872f0ba36b1?_t=1737309047445
3302,https://pawscomp2.sis.pitt.edu/pcex-authoring/assets/preview/index.html?load=https://pawscomp2.sis.pitt.edu/pcex-authoring/api/hub/664e426491363872f0ba36bb?_t=1724341468807
3303,https://pawscomp2.sis.pitt.edu/pcex-authoring/assets/preview/index.html?load=https://pawscomp2.sis.pitt.edu/pcex-authoring/api/hub/664e426f91363872f0ba36c4?_t=1724341469311
3304,https://pawscomp2.sis.pitt.edu/pcex-authoring/assets/preview/index.html?load=https://pawscomp2.sis.pitt.edu/pcex-authoring/api/hub/664e427491363872f0ba36cc?_t=1724341469807
3305,https://pawscomp2.sis.pitt.edu/pcex-authoring/assets/preview/index.html?load=https://pawscomp2.sis.pitt.edu/pcex-authoring/api/hub/664e427a91363872f0ba36d4?_t=1737308854210
3306,https://pawscomp2.sis.pitt.edu/pcex-authoring/assets/preview/index.html?load=https://pawscomp2.sis.pitt.edu/pcex-authoring/api/hub/664e429291363872f0ba36dc?_t=1724341470812
3307,https://pawscomp2.sis.pitt.edu/pcex-authoring/assets/preview/index.html?load=https://pawscomp2.sis.pitt.edu/pcex-authoring/api/hub/664e42a291363872f0ba36e4?_t=1737308867795
3308,https://pawscomp2.sis.pitt.edu/pcex-authoring/assets/preview/index.html?load=https://pawscomp2.sis.pitt.edu/pcex-authoring/api/hub/664e42ab91363872f0ba36ea?_t=1724341471809
3309,https://pawscomp2.sis.pitt.edu/pcex-authoring/assets/preview/index.html?load=https://pawscomp2.sis.pitt.edu/pcex-authoring/api/hub/664e42de91363872f0ba36f1?_t=1724341472308
3310,https://pawscomp2.sis.pitt.edu/pcex-authoring/assets/preview/index.html?load=https://pawscomp2.sis.pitt.edu/pcex-authoring/api/hub/664e42e791363872f0ba36f7?_t=1724341472814
3311,https://pawscomp2.sis.pitt.edu/pcex-authoring/assets/preview/index.html?load=https://pawscomp2.sis.pitt.edu/pcex-authoring/api/hub/664e42f791363872f0ba36fe?_t=1724341473306
3312,https://pawscomp2.sis.pitt.edu/pcex-authoring/assets/preview/index.html?load=https://pawscomp2.sis.pitt.edu/pcex-authoring/api/hub/664e430191363872f0ba3706?_t=1724341473807
3313,https://pawscomp2.sis.pitt.edu/pcex-authoring/assets/preview/index.html?load=https://pawscomp2.sis.pitt.edu/pcex-authoring/api/hub/664e43bf91363872f0ba370e?_t=1724341474308
3314,https://pawscomp2.sis.pitt.edu/pcex-authoring/assets/preview/index.html?load=https://pawscomp2.sis.pitt.edu/pcex-authoring/api/hub/664e43e191363872f0ba3714?_t=1724341474806
3315,https://pawscomp2.sis.pitt.edu/pcex-authoring/assets/preview/index.html?load=https://pawscomp2.sis.pitt.edu/pcex-authoring/api/hub/664e43ea91363872f0ba371f?_t=1724341475318
3316,https://pawscomp2.sis.pitt.edu/pcex-authoring/assets/preview/index.html?load=https://pawscomp2.sis.pitt.edu/pcex-authoring/api/hub/664e443791363872f0ba3729?_t=1724341475810
3317,https://pawscomp2.sis.pitt.edu/pcex-authoring/assets/preview/index.html?load=https://pawscomp2.sis.pitt.edu/pcex-authoring/api/hub/664e446d91363872f0ba372f?_t=1724341476309
3318,https://pawscomp2.sis.pitt.edu/pcex-authoring/assets/preview/index.html?load=https://pawscomp2.sis.pitt.edu/pcex-authoring/api/hub/664e447591363872f0ba3736?_t=1724341476811
3319,https://pawscomp2.sis.pitt.edu/pcex-authoring/assets/preview/index.html?load=https://pawscomp2.sis.pitt.edu/pcex-authoring/api/hub/664e448191363872f0ba3740?_t=1724341477307
3320,https://pawscomp2.sis.pitt.edu/pcex-authoring/assets/preview/index.html?load=https://pawscomp2.sis.pitt.edu/pcex-authoring/api/hub/664e448991363872f0ba3749?_t=1724341477848
3321,https://pawscomp2.sis.pitt.edu/pcex-authoring/assets/preview/index.html?load=https://pawscomp2.sis.pitt.edu/pcex-authoring/api/hub/664e44ab91363872f0ba3751?_t=1724341478533
3322,https://pawscomp2.sis.pitt.edu/pcex-authoring/assets/preview/index.html?load=https://pawscomp2.sis.pitt.edu/pcex-authoring/api/hub/664e44c691363872f0ba3759?_t=1737308981292
3323,https://pawscomp2.sis.pitt.edu/pcex-authoring/assets/preview/index.html?load=https://pawscomp2.sis.pitt.edu/pcex-authoring/api/hub/664e44ca91363872f0ba375f?_t=1724341480483
3324,https://pawscomp2.sis.pitt.edu/pcex-authoring/assets/preview/index.html?load=https://pawscomp2.sis.pitt.edu/pcex-authoring/api/hub/664e44d391363872f0ba3768?_t=1724341481484
3325,https://pawscomp2.sis.pitt.edu/pcex-authoring/assets/preview/index.html?load=https://pawscomp2.sis.pitt.edu/pcex-authoring/api/hub/664e44db91363872f0ba3773?_t=1737308789350
3326,https://pawscomp2.sis.pitt.edu/pcex-authoring/assets/preview/index.html?load=https://pawscomp2.sis.pitt.edu/pcex-authoring/api/hub/664e44e391363872f0ba377a?_t=1724341483485
3327,https://pawscomp2.sis.pitt.edu/pcex-authoring/assets/preview/index.html?load=https://pawscomp2.sis.pitt.edu/pcex-authoring/api/hub/664e47e391363872f0ba3785?_t=1724341484489
3328,https://pawscomp2.sis.pitt.edu/pcex-authoring/assets/preview/index.html?load=https://pawscomp2.sis.pitt.edu/pcex-authoring/api/hub/664e47ed91363872f0ba378b?_t=1724341485502
3329,https://pawscomp2.sis.pitt.edu/pcex-authoring/assets/preview/index.html?load=https://pawscomp2.sis.pitt.edu/pcex-authoring/api/hub/664e4afe91363872f0ba3796?_t=1724341486484
3330,https://pawscomp2.sis.pitt.edu/pcex-authoring/assets/preview/index.html?load=https://pawscomp2.sis.pitt.edu/pcex-authoring/api/hub/664e4b0b91363872f0ba379c?_t=1724341487487
3331,https://pawscomp2.sis.pitt.edu/pcex-authoring/assets/preview/index.html?load=https://pawscomp2.sis.pitt.edu/pcex-authoring/api/hub/664e4b1691363872f0ba37a1?_t=1724341488485
3332,https://pawscomp2.sis.pitt.edu/pcex-authoring/assets/preview/index.html?load=https://pawscomp2.sis.pitt.edu/pcex-authoring/api/hub/664e4b2291363872f0ba37a6?_t=1724341489475
3333,https://pawscomp2.sis.pitt.edu/pcex-authoring/assets/preview/index.html?load=https://pawscomp2.sis.pitt.edu/pcex-authoring/api/hub/664e4b3c91363872f0ba37af?_t=1724341490116
3334,https://pawscomp2.sis.pitt.edu/pcex-authoring/assets/preview/index.html?load=https://pawscomp2.sis.pitt.edu/pcex-authoring/api/hub/664e4b5091363872f0ba37b6?_t=1724341490519
3335,https://pawscomp2.sis.pitt.edu/pcex-authoring/assets/preview/index.html?load=https://pawscomp2.sis.pitt.edu/pcex-authoring/api/hub/664e4b5f91363872f0ba37bf?_t=1724341490944
3336,https://pawscomp2.sis.pitt.edu/pcex-authoring/assets/preview/index.html?load=https://pawscomp2.sis.pitt.edu/pcex-authoring/api/hub/664e4b6991363872f0ba37c8?_t=1724341491321
3337,https://pawscomp2.sis.pitt.edu/pcex-authoring/assets/preview/index.html?load=https://pawscomp2.sis.pitt.edu/pcex-authoring/api/hub/664e4b9391363872f0ba37d2?_t=1724341491803
3338,https://pawscomp2.sis.pitt.edu/pcex-authoring/assets/preview/index.html?load=https://pawscomp2.sis.pitt.edu/pcex-authoring/api/hub/664e4bae91363872f0ba37db?_t=1724341492308
3339,https://pawscomp2.sis.pitt.edu/pcex-authoring/assets/preview/index.html?load=https://pawscomp2.sis.pitt.edu/pcex-authoring/api/hub/664e4c0191363872f0ba37e3?_t=1737309061288
3340,https://pawscomp2.sis.pitt.edu/pcex-authoring/assets/preview/index.html?load=https://pawscomp2.sis.pitt.edu/pcex-authoring/api/hub/664e4c0d91363872f0ba37e9?_t=1724341493303
3341,https://pawscomp2.sis.pitt.edu/pcex-authoring/assets/preview/index.html?load=https://pawscomp2.sis.pitt.edu/pcex-authoring/api/hub/664e4c1891363872f0ba37ee?_t=1724341493805
3342,https://pawscomp2.sis.pitt.edu/pcex-authoring/assets/preview/index.html?load=https://pawscomp2.sis.pitt.edu/pcex-authoring/api/hub/664e4c2591363872f0ba37f9?_t=1737308814705
3343,https://pawscomp2.sis.pitt.edu/pcex-authoring/assets/preview/index.html?load=https://pawscomp2.sis.pitt.edu/pcex-authoring/api/hub/664e4c2d91363872f0ba3805?_t=1737308917885
3344,https://pawscomp2.sis.pitt.edu/pcex-authoring/assets/preview/index.html?load=https://pawscomp2.sis.pitt.edu/pcex-authoring/api/hub/664e4c5791363872f0ba380e?_t=1737309005864
3345,https://pawscomp2.sis.pitt.edu/pcex-authoring/assets/preview/index.html?load=https://pawscomp2.sis.pitt.edu/pcex-authoring/api/hub/664e4c8091363872f0ba3818?_t=1724341495801
3346,https://pawscomp2.sis.pitt.edu/pcex-authoring/assets/preview/index.html?load=https://pawscomp2.sis.pitt.edu/pcex-authoring/api/hub/664e4c8991363872f0ba3821?_t=1724341496304
3347,https://pawscomp2.sis.pitt.edu/pcex-authoring/assets/preview/index.html?load=https://pawscomp2.sis.pitt.edu/pcex-authoring/api/hub/664e4c8e91363872f0ba3827?_t=1724341496805
3348,https://pawscomp2.sis.pitt.edu/pcex-authoring/assets/preview/index.html?load=https://pawscomp2.sis.pitt.edu/pcex-authoring/api/hub/664e4c9791363872f0ba382c?_t=1724341497303
3349,https://pawscomp2.sis.pitt.edu/pcex-authoring/assets/preview/index.html?load=https://pawscomp2.sis.pitt.edu/pcex-authoring/api/hub/664e4d3291363872f0ba3837?_t=1724341497801
3350,https://pawscomp2.sis.pitt.edu/pcex-authoring/assets/preview/index.html?load=https://pawscomp2.sis.pitt.edu/pcex-authoring/api/hub/664e4db591363872f0ba3841?_t=1724341498308
3351,https://pawscomp2.sis.pitt.edu/pcex-authoring/assets/preview/index.html?load=https://pawscomp2.sis.pitt.edu/pcex-authoring/api/hub/664e4dbf91363872f0ba3849?_t=1724341498808
3352,https://pawscomp2.sis.pitt.edu/pcex-authoring/assets/preview/index.html?load=https://pawscomp2.sis.pitt.edu/pcex-authoring/api/hub/664e4dc691363872f0ba3851?_t=1737308986517
3353,https://pawscomp2.sis.pitt.edu/pcex-authoring/assets/preview/index.html?load=https://pawscomp2.sis.pitt.edu/pcex-authoring/api/hub/664e4ddf91363872f0ba385b?_t=1724341499803
3354,https://pawscomp2.sis.pitt.edu/pcex-authoring/assets/preview/index.html?load=https://pawscomp2.sis.pitt.edu/pcex-authoring/api/hub/664e4e0b91363872f0ba3866?_t=1724341500308
3355,https://pawscomp2.sis.pitt.edu/pcex-authoring/assets/preview/index.html?load=https://pawscomp2.sis.pitt.edu/pcex-authoring/api/hub/664e4e2591363872f0ba386f?_t=1724341500807
3356,https://pawscomp2.sis.pitt.edu/pcex-authoring/assets/preview/index.html?load=https://pawscomp2.sis.pitt.edu/pcex-authoring/api/hub/664e4e3691363872f0ba387b?_t=1724341501304
3357,https://pawscomp2.sis.pitt.edu/pcex-authoring/assets/preview/index.html?load=https://pawscomp2.sis.pitt.edu/pcex-authoring/api/hub/664e4e3e91363872f0ba3885?_t=1724341501807
3358,https://pawscomp2.sis.pitt.edu/pcex-authoring/assets/preview/index.html?load=https://pawscomp2.sis.pitt.edu/pcex-authoring/api/hub/664e4ea091363872f0ba388f?_t=1724341502310
3359,https://pawscomp2.sis.pitt.edu/pcex-authoring/assets/preview/index.html?load=https://pawscomp2.sis.pitt.edu/pcex-authoring/api/hub/664e4ef591363872f0ba3896?_t=1724341502809
3360,https://pawscomp2.sis.pitt.edu/pcex-authoring/assets/preview/index.html?load=https://pawscomp2.sis.pitt.edu/pcex-authoring/api/hub/664e4efc91363872f0ba389b?_t=1724341503313
3361,https://pawscomp2.sis.pitt.edu/pcex-authoring/assets/preview/index.html?load=https://pawscomp2.sis.pitt.edu/pcex-authoring/api/hub/664e4f0b91363872f0ba38a6?_t=1724341503809
3362,https://pawscomp2.sis.pitt.edu/pcex-authoring/assets/preview/index.html?load=https://pawscomp2.sis.pitt.edu/pcex-authoring/api/hub/664e4f1091363872f0ba38ae?_t=1724341504318
3363,https://pawscomp2.sis.pitt.edu/pcex-authoring/assets/preview/index.html?load=https://pawscomp2.sis.pitt.edu/pcex-authoring/api/hub/664e4f8e91363872f0ba38b7?_t=1724341504808
3364,https://pawscomp2.sis.pitt.edu/pcex-authoring/assets/preview/index.html?load=https://pawscomp2.sis.pitt.edu/pcex-authoring/api/hub/664e4ff191363872f0ba38c0?_t=1724341505301
3365,https://pawscomp2.sis.pitt.edu/pcex-authoring/assets/preview/index.html?load=https://pawscomp2.sis.pitt.edu/pcex-authoring/api/hub/664e500891363872f0ba38c8?_t=1724341505819
3366,https://pawscomp2.sis.pitt.edu/pcex-authoring/assets/preview/index.html?load=https://pawscomp2.sis.pitt.edu/pcex-authoring/api/hub/664e500f91363872f0ba38d0?_t=1724341506307
3367,https://pawscomp2.sis.pitt.edu/pcex-authoring/assets/preview/index.html?load=https://pawscomp2.sis.pitt.edu/pcex-authoring/api/hub/664e501991363872f0ba38d6?_t=1724341506800
3368,https://pawscomp2.sis.pitt.edu/pcex-authoring/assets/preview/index.html?load=https://pawscomp2.sis.pitt.edu/pcex-authoring/api/hub/664e502391363872f0ba38dd?_t=1737308710727
3369,https://pawscomp2.sis.pitt.edu/pcex-authoring/assets/preview/index.html?load=https://pawscomp2.sis.pitt.edu/pcex-authoring/api/hub/664e503a91363872f0ba38e7?_t=1724341507807
3370,https://pawscomp2.sis.pitt.edu/pcex-authoring/assets/preview/index.html?load=https://pawscomp2.sis.pitt.edu/pcex-authoring/api/hub/664e504991363872f0ba38f0?_t=1724341508308
3371,https://pawscomp2.sis.pitt.edu/pcex-authoring/assets/preview/index.html?load=https://pawscomp2.sis.pitt.edu/pcex-authoring/api/hub/664e505691363872f0ba38f8?_t=1724341508803
3372,https://pawscomp2.sis.pitt.edu/pcex-authoring/assets/preview/index.html?load=https://pawscomp2.sis.pitt.edu/pcex-authoring/api/hub/664e505d91363872f0ba38fe?_t=1724341509303
3373,https://pawscomp2.sis.pitt.edu/pcex-authoring/assets/preview/index.html?load=https://pawscomp2.sis.pitt.edu/pcex-authoring/api/hub/664e50a991363872f0ba3905?_t=1724341509803
3374,https://pawscomp2.sis.pitt.edu/pcex-authoring/assets/preview/index.html?load=https://pawscomp2.sis.pitt.edu/pcex-authoring/api/hub/664e50d091363872f0ba390d?_t=1724341510309
3375,https://pawscomp2.sis.pitt.edu/pcex-authoring/assets/preview/index.html?load=https://pawscomp2.sis.pitt.edu/pcex-authoring/api/hub/664e50e091363872f0ba3915?_t=1724341510809
3376,https://pawscomp2.sis.pitt.edu/pcex-authoring/assets/preview/index.html?load=https://pawscomp2.sis.pitt.edu/pcex-authoring/api/hub/664e50ed91363872f0ba391d?_t=1724341511305
3377,https://pawscomp2.sis.pitt.edu/pcex-authoring/assets/preview/index.html?load=https://pawscomp2.sis.pitt.edu/pcex-authoring/api/hub/664e23f991363872f0ba32e3?_t=1736442058258
3379,https://pawscomp2.sis.pitt.edu/pcex-authoring/assets/preview/index.html?load=https://pawscomp2.sis.pitt.edu/pcex-authoring/api/hub/677c5572949ed2ff17c30456?_t=1737308719155
3380,https://pawscomp2.sis.pitt.edu/pcex-authoring/assets/preview/index.html?load=https://pawscomp2.sis.pitt.edu/pcex-authoring/api/hub/677c86f14ef8609babb30411?_t=1737308736512
3381,https://pawscomp2.sis.pitt.edu/pcex-authoring/assets/preview/index.html?load=https://pawscomp2.sis.pitt.edu/pcex-authoring/api/hub/677c870a4ef8609babb3041d?_t=1737308750328
3382,https://pawscomp2.sis.pitt.edu/pcex-authoring/assets/preview/index.html?load=https://pawscomp2.sis.pitt.edu/pcex-authoring/api/hub/677c871a4ef8609babb30429?_t=1737308764428
3383,https://pawscomp2.sis.pitt.edu/pcex-authoring/assets/preview/index.html?load=https://pawscomp2.sis.pitt.edu/pcex-authoring/api/hub/677c87294ef8609babb30435?_t=1737308780115
3384,https://pawscomp2.sis.pitt.edu/pcex-authoring/assets/preview/index.html?load=https://pawscomp2.sis.pitt.edu/pcex-authoring/api/hub/677c87394ef8609babb30441?_t=1737308799795
3385,https://pawscomp2.sis.pitt.edu/pcex-authoring/assets/preview/index.html?load=https://pawscomp2.sis.pitt.edu/pcex-authoring/api/hub/677c87534ef8609babb3044d?_t=1737308820916
3386,https://pawscomp2.sis.pitt.edu/pcex-authoring/assets/preview/index.html?load=https://pawscomp2.sis.pitt.edu/pcex-authoring/api/hub/677c876c4ef8609babb30459?_t=1737308833930
3387,https://pawscomp2.sis.pitt.edu/pcex-authoring/assets/preview/index.html?load=https://pawscomp2.sis.pitt.edu/pcex-authoring/api/hub/677c877c4ef8609babb30465?_t=1737308849138
3388,https://pawscomp2.sis.pitt.edu/pcex-authoring/assets/preview/index.html?load=https://pawscomp2.sis.pitt.edu/pcex-authoring/api/hub/677c87904ef8609babb30471?_t=1737308860669
3389,https://pawscomp2.sis.pitt.edu/pcex-authoring/assets/preview/index.html?load=https://pawscomp2.sis.pitt.edu/pcex-authoring/api/hub/677c87ab4ef8609babb3047d?_t=1737308873824
3390,https://pawscomp2.sis.pitt.edu/pcex-authoring/assets/preview/index.html?load=https://pawscomp2.sis.pitt.edu/pcex-authoring/api/hub/677c87be4ef8609babb30489?_t=1737308886014
3391,https://pawscomp2.sis.pitt.edu/pcex-authoring/assets/preview/index.html?load=https://pawscomp2.sis.pitt.edu/pcex-authoring/api/hub/677c87d54ef8609babb30494?_t=1737308898449
3392,https://pawscomp2.sis.pitt.edu/pcex-authoring/assets/preview/index.html?load=https://pawscomp2.sis.pitt.edu/pcex-authoring/api/hub/677c87f24ef8609babb304a0?_t=1737308911260
3393,https://pawscomp2.sis.pitt.edu/pcex-authoring/assets/preview/index.html?load=https://pawscomp2.sis.pitt.edu/pcex-authoring/api/hub/677c88074ef8609babb304ad?_t=1737308923451
3394,https://pawscomp2.sis.pitt.edu/pcex-authoring/assets/preview/index.html?load=https://pawscomp2.sis.pitt.edu/pcex-authoring/api/hub/677c88174ef8609babb304b9?_t=1737308936338
3395,https://pawscomp2.sis.pitt.edu/pcex-authoring/assets/preview/index.html?load=https://pawscomp2.sis.pitt.edu/pcex-authoring/api/hub/677c88264ef8609babb304c5?_t=1737308948053
3396,https://pawscomp2.sis.pitt.edu/pcex-authoring/assets/preview/index.html?load=https://pawscomp2.sis.pitt.edu/pcex-authoring/api/hub/677c883a4ef8609babb304d1?_t=1737308959634
3398,https://pawscomp2.sis.pitt.edu/pcex-authoring/assets/preview/index.html?load=https://pawscomp2.sis.pitt.edu/pcex-authoring/api/hub/677c885c4ef8609babb304e8?_t=1736218039277
3401,https://pawscomp2.sis.pitt.edu/pcex-authoring/assets/preview/index.html?load=https://pawscomp2.sis.pitt.edu/pcex-authoring/api/hub/677c888e4ef8609babb3050b?_t=1736439555095
3408,https://pawscomp2.sis.pitt.edu/pcex-authoring/assets/preview/index.html?load=https://pawscomp2.sis.pitt.edu/pcex-authoring/api/hub/659f833ca596b999d21b3359?_t=1737150915240
3411,https://pawscomp2.sis.pitt.edu/pcex-authoring/assets/preview/index.html?load=https://pawscomp2.sis.pitt.edu/pcex-authoring/api/hub/677ffaa10778418579814757?_t=1737308975999
3412,https://pawscomp2.sis.pitt.edu/pcex-authoring/assets/preview/index.html?load=https://pawscomp2.sis.pitt.edu/pcex-authoring/api/hub/677ffb560778418579814774?_t=1737308999346
3413,https://pawscomp2.sis.pitt.edu/pcex-authoring/assets/preview/index.html?load=https://pawscomp2.sis.pitt.edu/pcex-authoring/api/hub/677ffc3e077841857981479c?_t=1737309013230
3414,https://pawscomp2.sis.pitt.edu/pcex-authoring/assets/preview/index.html?load=https://pawscomp2.sis.pitt.edu/pcex-authoring/api/hub/677ffcb007784185798147b2?_t=1737309026200
3415,https://pawscomp2.sis.pitt.edu/pcex-authoring/assets/preview/index.html?load=https://pawscomp2.sis.pitt.edu/pcex-authoring/api/hub/677ffd2207784185798147ce?_t=1737309040106
3416,https://pawscomp2.sis.pitt.edu/pcex-authoring/assets/preview/index.html?load=https://pawscomp2.sis.pitt.edu/pcex-authoring/api/hub/6780003d07784185798147eb?_t=1737309053673
3468,https://pawscomp2.sis.pitt.edu/pcex-authoring/assets/preview/index.html?load=https://pawscomp2.sis.pitt.edu/pcex-authoring/api/hub/65ff4075f1aa1b9c009c1833?_t=1740020222461
3469,https://pawscomp2.sis.pitt.edu/pcex-authoring/assets/preview/index.html?load=https://pawscomp2.sis.pitt.edu/pcex-authoring/api/hub/65ff4103f1aa1b9c009c184f?_t=1740020224077
4023,https://pawscomp2.sis.pitt.edu/pcex-authoring/preview/index.html?load=https://pawscomp2.sis.pitt.edu/pcex-authoring/api/hub/65ff72dcf1aa1b9c009c1993?_t=1748888570105&index=0
4024,https://pawscomp2.sis.pitt.edu/pcex-authoring/preview/index.html?load=https://pawscomp2.sis.pitt.edu/pcex-authoring/api/hub/65ff72dcf1aa1b9c009c1993?_t=1748888570105&index=1
4057,https://pawscomp2.sis.pitt.edu/pcex-authoring/preview/index.html?load=https://pawscomp2.sis.pitt.edu/pcex-authoring/api/hub/683a7a4f4499273ab8db658a?_t=1748717869706&index=1
4061,https://pawscomp2.sis.pitt.edu/pcex-authoring/preview/index.html?load=https://pawscomp2.sis.pitt.edu/pcex-authoring/api/hub/683b514227c37279d84e7db0?_t=1748718394194&index=0
4062,https://pawscomp2.sis.pitt.edu/pcex-authoring/preview/index.html?load=https://pawscomp2.sis.pitt.edu/pcex-authoring/api/hub/683b514227c37279d84e7db0?_t=1748718394194&index=1
4063,https://pawscomp2.sis.pitt.edu/pcex-authoring/preview/index.html?load=https://pawscomp2.sis.pitt.edu/pcex-authoring/api/hub/683b6c02d426b6fa3bccce79?_t=1748726678763&index=0
4065,https://pawscomp2.sis.pitt.edu/pcex-authoring/preview/index.html?load=https://pawscomp2.sis.pitt.edu/pcex-authoring/api/hub/683b6c02d426b6fa3bccce79?_t=1748726678763&index=1
4168,https://pawscomp2.sis.pitt.edu/pcex-authoring/preview/index.html?load=https://pawscomp2.sis.pitt.edu/pcex-authoring/api/hub/664e23fd91363872f0ba32ea?_t=1749071975286&index=0
4169,https://pawscomp2.sis.pitt.edu/pcex-authoring/preview/index.html?load=https://pawscomp2.sis.pitt.edu/pcex-authoring/api/hub/664e23fd91363872f0ba32ea?_t=1749071975286&index=1
4173,https://pawscomp2.sis.pitt.edu/pcex-authoring/preview/index.html?load=https://pawscomp2.sis.pitt.edu/pcex-authoring/api/hub/6827373266a8e1b992c81241?_t=1749534494091&index=0
4174,https://pawscomp2.sis.pitt.edu/pcex-authoring/preview/index.html?load=https://pawscomp2.sis.pitt.edu/pcex-authoring/api/hub/6827373266a8e1b992c81241?_t=1749534494091&index=1&locale=es
4175,https://pawscomp2.sis.pitt.edu/pcex-authoring/preview/index.html?load=https://pawscomp2.sis.pitt.edu/pcex-authoring/api/hub/6834728366a8e1b992c843d6?_t=1749534479778&index=0&locale=es
4176,https://pawscomp2.sis.pitt.edu/pcex-authoring/preview/index.html?load=https://pawscomp2.sis.pitt.edu/pcex-authoring/api/hub/6834728366a8e1b992c843d6?_t=1749534479778&index=1&locale=es
4177,https://pawscomp2.sis.pitt.edu/pcex-authoring/preview/index.html?load=https://pawscomp2.sis.pitt.edu/pcex-authoring/api/hub/6834728366a8e1b992c843d6?_t=1749534479778&index=2&locale=es
4178,https://pawscomp2.sis.pitt.edu/pcex-authoring/preview/index.html?load=https://pawscomp2.sis.pitt.edu/pcex-authoring/api/hub/6847083edf5ea13f28e4317c?_t=1749485645138&index=0&locale=es
4179,https://pawscomp2.sis.pitt.edu/pcex-authoring/preview/index.html?load=https://pawscomp2.sis.pitt.edu/pcex-authoring/api/hub/6847087fdf5ea13f28e4319c?_t=1749485715104&index=0&locale=es
4180,https://pawscomp2.sis.pitt.edu/pcex-authoring/preview/index.html?load=https://pawscomp2.sis.pitt.edu/pcex-authoring/api/hub/68273d7266a8e1b992c81271?_t=1750184380227&index=0&locale=es
4181,https://pawscomp2.sis.pitt.edu/pcex-authoring/preview/index.html?load=https://pawscomp2.sis.pitt.edu/pcex-authoring/api/hub/68273d7266a8e1b992c81271?_t=1750184380227&index=1&locale=es
4182,https://pawscomp2.sis.pitt.edu/pcex-authoring/preview/index.html?load=https://pawscomp2.sis.pitt.edu/pcex-authoring/api/hub/682dc48e66a8e1b992c82a8a?_t=1750184382590&index=0&locale=es
4183,https://pawscomp2.sis.pitt.edu/pcex-authoring/preview/index.html?load=https://pawscomp2.sis.pitt.edu/pcex-authoring/api/hub/682dc48e66a8e1b992c82a8a?_t=1750184382590&index=1&locale=es
4184,https://pawscomp2.sis.pitt.edu/pcex-authoring/preview/index.html?load=https://pawscomp2.sis.pitt.edu/pcex-authoring/api/hub/682dc89766a8e1b992c82aaf?_t=1750184385233&index=0&locale=es
4185,https://pawscomp2.sis.pitt.edu/pcex-authoring/preview/index.html?load=https://pawscomp2.sis.pitt.edu/pcex-authoring/api/hub/682dc89766a8e1b992c82aaf?_t=1750184385233&index=1&locale=es
4186,https://pawscomp2.sis.pitt.edu/pcex-authoring/preview/index.html?load=https://pawscomp2.sis.pitt.edu/pcex-authoring/api/hub/682dca7366a8e1b992c82adf?_t=1750184393212&index=0&locale=es
4187,https://pawscomp2.sis.pitt.edu/pcex-authoring/preview/index.html?load=https://pawscomp2.sis.pitt.edu/pcex-authoring/api/hub/682dca7366a8e1b992c82adf?_t=1750184393212&index=1&locale=es
4188,https://pawscomp2.sis.pitt.edu/pcex-authoring/preview/index.html?load=https://pawscomp2.sis.pitt.edu/pcex-authoring/api/hub/682dcaab66a8e1b992c82af3?_t=1750184398685&index=0&locale=es
4189,https://pawscomp2.sis.pitt.edu/pcex-authoring/preview/index.html?load=https://pawscomp2.sis.pitt.edu/pcex-authoring/api/hub/682dcaab66a8e1b992c82af3?_t=1750184398685&index=1&locale=es
4190,https://pawscomp2.sis.pitt.edu/pcex-authoring/preview/index.html?load=https://pawscomp2.sis.pitt.edu/pcex-authoring/api/hub/682dcaab66a8e1b992c82af3?_t=1750184398685&index=2&locale=es
4191,https://pawscomp2.sis.pitt.edu/pcex-authoring/preview/index.html?load=https://pawscomp2.sis.pitt.edu/pcex-authoring/api/hub/682dcaab66a8e1b992c82af3?_t=1750184398685&index=3&locale=es
4192,https://pawscomp2.sis.pitt.edu/pcex-authoring/preview/index.html?load=https://pawscomp2.sis.pitt.edu/pcex-authoring/api/hub/682dcacc66a8e1b992c82b04?_t=1750184403978&index=0&locale=es
4193,https://pawscomp2.sis.pitt.edu/pcex-authoring/preview/index.html?load=https://pawscomp2.sis.pitt.edu/pcex-authoring/api/hub/682dcacc66a8e1b992c82b04?_t=1750184403978&index=1&locale=es
4194,https://pawscomp2.sis.pitt.edu/pcex-authoring/preview/index.html?load=https://pawscomp2.sis.pitt.edu/pcex-authoring/api/hub/682dcce666a8e1b992c82b33?_t=1750184417221&index=0&locale=es
4195,https://pawscomp2.sis.pitt.edu/pcex-authoring/preview/index.html?load=https://pawscomp2.sis.pitt.edu/pcex-authoring/api/hub/682dcce666a8e1b992c82b33?_t=1750184417221&index=1&locale=es
4196,https://pawscomp2.sis.pitt.edu/pcex-authoring/preview/index.html?load=https://pawscomp2.sis.pitt.edu/pcex-authoring/api/hub/64b8254b8e6e24cfe20cc8f9?_t=1749570421970&index=1&locale=es
4197,https://pawscomp2.sis.pitt.edu/pcex-authoring/preview/index.html?load=https://pawscomp2.sis.pitt.edu/pcex-authoring/api/hub/682dca1966a8e1b992c82ad0?_t=1750184389188&index=0&locale=es
4198,https://pawscomp2.sis.pitt.edu/pcex-authoring/preview/index.html?load=https://pawscomp2.sis.pitt.edu/pcex-authoring/api/hub/682dca1966a8e1b992c82ad0?_t=1750184389188&index=1&locale=es
4199,https://pawscomp2.sis.pitt.edu/pcex-authoring/preview/index.html?load=https://pawscomp2.sis.pitt.edu/pcex-authoring/api/hub/682dcb6866a8e1b992c82b12?_t=1750184407445&index=0&locale=es
4200,https://pawscomp2.sis.pitt.edu/pcex-authoring/preview/index.html?load=https://pawscomp2.sis.pitt.edu/pcex-authoring/api/hub/682dcb6866a8e1b992c82b12?_t=1750184407445&index=1&locale=es
4201,https://pawscomp2.sis.pitt.edu/pcex-authoring/preview/index.html?load=https://pawscomp2.sis.pitt.edu/pcex-authoring/api/hub/682dcc1c66a8e1b992c82b1f?_t=1750184411787&index=0&locale=es
4202,https://pawscomp2.sis.pitt.edu/pcex-authoring/preview/index.html?load=https://pawscomp2.sis.pitt.edu/pcex-authoring/api/hub/682dcc1c66a8e1b992c82b1f?_t=1750184411787&index=1&locale=es
4203,https://pawscomp2.sis.pitt.edu/pcex-authoring/preview/index.html?load=https://pawscomp2.sis.pitt.edu/pcex-authoring/api/hub/684855dadf5ea13f28e43796?_t=1750131410601&index=0&locale=es
4204,https://pawscomp2.sis.pitt.edu/pcex-authoring/preview/index.html?load=https://pawscomp2.sis.pitt.edu/pcex-authoring/api/hub/684855dadf5ea13f28e43796?_t=1750131410601&index=1&locale=es
4205,https://pawscomp2.sis.pitt.edu/pcex-authoring/preview/index.html?load=https://pawscomp2.sis.pitt.edu/pcex-authoring/api/hub/6848670adf5ea13f28e43855?_t=1749593850636&index=0&locale=es
4206,https://pawscomp2.sis.pitt.edu/pcex-authoring/preview/index.html?load=https://pawscomp2.sis.pitt.edu/pcex-authoring/api/hub/6848670adf5ea13f28e43855?_t=1749593850636&index=1&locale=es
4207,https://pawscomp2.sis.pitt.edu/pcex-authoring/preview/index.html?load=https://pawscomp2.sis.pitt.edu/pcex-authoring/api/hub/6848b40edf5ea13f28e43a71?_t=1750131418247&index=0&locale=es
4208,https://pawscomp2.sis.pitt.edu/pcex-authoring/preview/index.html?load=https://pawscomp2.sis.pitt.edu/pcex-authoring/api/hub/6848b40edf5ea13f28e43a71?_t=1750131418247&index=1&locale=es
4209,https://pawscomp2.sis.pitt.edu/pcex-authoring/preview/index.html?load=https://pawscomp2.sis.pitt.edu/pcex-authoring/api/hub/6849c51bdf5ea13f28e43e9c?_t=1749763088533&index=0&locale=es
4210,https://pawscomp2.sis.pitt.edu/pcex-authoring/preview/index.html?load=https://pawscomp2.sis.pitt.edu/pcex-authoring/api/hub/6849c51bdf5ea13f28e43e9c?_t=1749763088533&index=1&locale=es
4211,https://pawscomp2.sis.pitt.edu/pcex-authoring/preview/index.html?load=https://pawscomp2.sis.pitt.edu/pcex-authoring/api/hub/684a48b993e8925157112eb7?_t=1750131406529&index=0&locale=es
4212,https://pawscomp2.sis.pitt.edu/pcex-authoring/preview/index.html?load=https://pawscomp2.sis.pitt.edu/pcex-authoring/api/hub/684a48b993e8925157112eb7?_t=1750131406529&index=1&locale=es
4213,https://pawscomp2.sis.pitt.edu/pcex-authoring/preview/index.html?load=https://pawscomp2.sis.pitt.edu/pcex-authoring/api/hub/684c3d3ca0cac29134435d81?_t=1750198426771&index=0&locale=es
4214,https://pawscomp2.sis.pitt.edu/pcex-authoring/preview/index.html?load=https://pawscomp2.sis.pitt.edu/pcex-authoring/api/hub/684c3d3ca0cac29134435d81?_t=1750198426771&index=1&locale=es
4215,https://pawscomp2.sis.pitt.edu/pcex-authoring/preview/index.html?load=https://pawscomp2.sis.pitt.edu/pcex-authoring/api/hub/684c61c3a0cac29134435e3c?_t=1749844183272&index=0&locale=es
4216,https://pawscomp2.sis.pitt.edu/pcex-authoring/preview/index.html?load=https://pawscomp2.sis.pitt.edu/pcex-authoring/api/hub/684c61c3a0cac29134435e3c?_t=1749844183272&index=1&locale=es
4217,https://pawscomp2.sis.pitt.edu/pcex-authoring/preview/index.html?load=https://pawscomp2.sis.pitt.edu/pcex-authoring/api/hub/684dd9f8a0cac2913443642b?_t=1750198422693&index=0&locale=es
4218,https://pawscomp2.sis.pitt.edu/pcex-authoring/preview/index.html?load=https://pawscomp2.sis.pitt.edu/pcex-authoring/api/hub/684dd9f8a0cac2913443642b?_t=1750198422693&index=1&locale=es
4219,https://pawscomp2.sis.pitt.edu/pcex-authoring/preview/index.html?load=https://pawscomp2.sis.pitt.edu/pcex-authoring/api/hub/685068eaa0cac29134436ebc?_t=1750184419936&index=0&locale=es
4220,https://pawscomp2.sis.pitt.edu/pcex-authoring/preview/index.html?load=https://pawscomp2.sis.pitt.edu/pcex-authoring/api/hub/685068eaa0cac29134436ebc?_t=1750184419936&index=1&locale=es
4264,https://pawscomp2.sis.pitt.edu/pcex-authoring/preview/index.html?load=https://pawscomp2.sis.pitt.edu/pcex-authoring/api/hub/68bdb309f6cc3d7a9cc0986b?_t=1757542343776&index=0
4265,https://pawscomp2.sis.pitt.edu/pcex-authoring/preview/index.html?load=https://pawscomp2.sis.pitt.edu/pcex-authoring/api/hub/68bdb309f6cc3d7a9cc0986b?_t=1757542343776&index=1
4266,https://pawscomp2.sis.pitt.edu/pcex-authoring/preview/index.html?load=https://pawscomp2.sis.pitt.edu/pcex-authoring/api/hub/68bdb309f6cc3d7a9cc09863?_t=1757542463301&index=0
4267,https://pawscomp2.sis.pitt.edu/pcex-authoring/preview/index.html?load=https://pawscomp2.sis.pitt.edu/pcex-authoring/api/hub/68bdb309f6cc3d7a9cc09863?_t=1757542463301&index=1
4268,https://pawscomp2.sis.pitt.edu/pcex-authoring/preview/index.html?load=https://pawscomp2.sis.pitt.edu/pcex-authoring/api/hub/68bdb309f6cc3d7a9cc0985b?_t=1757542507311&index=0
4269,https://pawscomp2.sis.pitt.edu/pcex-authoring/preview/index.html?load=https://pawscomp2.sis.pitt.edu/pcex-authoring/api/hub/68bdb309f6cc3d7a9cc0985b?_t=1757542507311&index=1
4270,https://pawscomp2.sis.pitt.edu/pcex-authoring/preview/index.html?load=https://pawscomp2.sis.pitt.edu/pcex-authoring/api/hub/68bdb309f6cc3d7a9cc09853?_t=1757995090636&index=0
4271,https://pawscomp2.sis.pitt.edu/pcex-authoring/preview/index.html?load=https://pawscomp2.sis.pitt.edu/pcex-authoring/api/hub/68bdb309f6cc3d7a9cc09853?_t=1757995090636&index=1
4272,https://pawscomp2.sis.pitt.edu/pcex-authoring/preview/index.html?load=https://pawscomp2.sis.pitt.edu/pcex-authoring/api/hub/68bdb309f6cc3d7a9cc0984b?_t=1757542625407&index=0
4273,https://pawscomp2.sis.pitt.edu/pcex-authoring/preview/index.html?load=https://pawscomp2.sis.pitt.edu/pcex-authoring/api/hub/68bdb309f6cc3d7a9cc0984b?_t=1757542625407&index=1
4274,https://pawscomp2.sis.pitt.edu/pcex-authoring/preview/index.html?load=https://pawscomp2.sis.pitt.edu/pcex-authoring/api/hub/68bdb309f6cc3d7a9cc09843?_t=1757542652924&index=0
4275,https://pawscomp2.sis.pitt.edu/pcex-authoring/preview/index.html?load=https://pawscomp2.sis.pitt.edu/pcex-authoring/api/hub/68bdb309f6cc3d7a9cc09843?_t=1757542652924&index=1
4276,https://pawscomp2.sis.pitt.edu/pcex-authoring/preview/index.html?load=https://pawscomp2.sis.pitt.edu/pcex-authoring/api/hub/68bdb309f6cc3d7a9cc09843?_t=1757542652924&index=2
4277,https://pawscomp2.sis.pitt.edu/pcex-authoring/preview/index.html?load=https://pawscomp2.sis.pitt.edu/pcex-authoring/api/hub/68bdb309f6cc3d7a9cc09838?_t=1757542682513&index=0
4278,https://pawscomp2.sis.pitt.edu/pcex-authoring/preview/index.html?load=https://pawscomp2.sis.pitt.edu/pcex-authoring/api/hub/68bdb309f6cc3d7a9cc09838?_t=1757542682513&index=1
4279,https://pawscomp2.sis.pitt.edu/pcex-authoring/preview/index.html?load=https://pawscomp2.sis.pitt.edu/pcex-authoring/api/hub/68bdb309f6cc3d7a9cc09838?_t=1757542682513&index=2
4280,https://pawscomp2.sis.pitt.edu/pcex-authoring/preview/index.html?load=https://pawscomp2.sis.pitt.edu/pcex-authoring/api/hub/68bdb309f6cc3d7a9cc09838?_t=1757542682513&index=3
4281,https://pawscomp2.sis.pitt.edu/pcex-authoring/preview/index.html?load=https://pawscomp2.sis.pitt.edu/pcex-authoring/api/hub/68bdb309f6cc3d7a9cc0982a?_t=1757542686507&index=0
4282,https://pawscomp2.sis.pitt.edu/pcex-authoring/preview/index.html?load=https://pawscomp2.sis.pitt.edu/pcex-authoring/api/hub/68bdb309f6cc3d7a9cc0982a?_t=1757542686507&index=1
4283,https://pawscomp2.sis.pitt.edu/pcex-authoring/preview/index.html?load=https://pawscomp2.sis.pitt.edu/pcex-authoring/api/hub/68bdb309f6cc3d7a9cc0982a?_t=1757542686507&index=2
4284,https://pawscomp2.sis.pitt.edu/pcex-authoring/preview/index.html?load=https://pawscomp2.sis.pitt.edu/pcex-authoring/api/hub/68bdb309f6cc3d7a9cc0981f?_t=1757542762742&index=0
4285,https://pawscomp2.sis.pitt.edu/pcex-authoring/preview/index.html?load=https://pawscomp2.sis.pitt.edu/pcex-authoring/api/hub/68bdb309f6cc3d7a9cc0981f?_t=1757542762742&index=1
4286,https://pawscomp2.sis.pitt.edu/pcex-authoring/preview/index.html?load=https://pawscomp2.sis.pitt.edu/pcex-authoring/api/hub/68bdb309f6cc3d7a9cc0981f?_t=1757542762742&index=2
4287,https://pawscomp2.sis.pitt.edu/pcex-authoring/preview/index.html?load=https://pawscomp2.sis.pitt.edu/pcex-authoring/api/hub/68bdb309f6cc3d7a9cc0981f?_t=1757542762742&index=3
4288,https://pawscomp2.sis.pitt.edu/pcex-authoring/preview/index.html?load=https://pawscomp2.sis.pitt.edu/pcex-authoring/api/hub/68bdb309f6cc3d7a9cc09811?_t=1757542767623&index=0
4289,https://pawscomp2.sis.pitt.edu/pcex-authoring/preview/index.html?load=https://pawscomp2.sis.pitt.edu/pcex-authoring/api/hub/68bdb309f6cc3d7a9cc09811?_t=1757542767623&index=1
4290,https://pawscomp2.sis.pitt.edu/pcex-authoring/preview/index.html?load=https://pawscomp2.sis.pitt.edu/pcex-authoring/api/hub/68bdb309f6cc3d7a9cc09809?_t=1757542774322&index=0
4291,https://pawscomp2.sis.pitt.edu/pcex-authoring/preview/index.html?load=https://pawscomp2.sis.pitt.edu/pcex-authoring/api/hub/68bdb309f6cc3d7a9cc09809?_t=1757542774322&index=1
4292,https://pawscomp2.sis.pitt.edu/pcex-authoring/preview/index.html?load=https://pawscomp2.sis.pitt.edu/pcex-authoring/api/hub/68bdb309f6cc3d7a9cc09809?_t=1757542774322&index=2
4293,https://pawscomp2.sis.pitt.edu/pcex-authoring/preview/index.html?load=https://pawscomp2.sis.pitt.edu/pcex-authoring/api/hub/68bdb309f6cc3d7a9cc097fe?_t=1757542822911&index=0
4294,https://pawscomp2.sis.pitt.edu/pcex-authoring/preview/index.html?load=https://pawscomp2.sis.pitt.edu/pcex-authoring/api/hub/68bdb309f6cc3d7a9cc097fe?_t=1757542822911&index=1
4295,https://pawscomp2.sis.pitt.edu/pcex-authoring/preview/index.html?load=https://pawscomp2.sis.pitt.edu/pcex-authoring/api/hub/68bdb309f6cc3d7a9cc097f6?_t=1757542828841&index=0
4296,https://pawscomp2.sis.pitt.edu/pcex-authoring/preview/index.html?load=https://pawscomp2.sis.pitt.edu/pcex-authoring/api/hub/68bdb309f6cc3d7a9cc097f6?_t=1757542828841&index=1
4297,https://pawscomp2.sis.pitt.edu/pcex-authoring/preview/index.html?load=https://pawscomp2.sis.pitt.edu/pcex-authoring/api/hub/68bdb309f6cc3d7a9cc097f6?_t=1757542828841&index=2
4298,https://pawscomp2.sis.pitt.edu/pcex-authoring/preview/index.html?load=https://pawscomp2.sis.pitt.edu/pcex-authoring/api/hub/68bdb309f6cc3d7a9cc097f6?_t=1757542828841&index=3
4299,https://pawscomp2.sis.pitt.edu/pcex-authoring/preview/index.html?load=https://pawscomp2.sis.pitt.edu/pcex-authoring/api/hub/68bdb309f6cc3d7a9cc097e8?_t=1757542838428&index=0
4300,https://pawscomp2.sis.pitt.edu/pcex-authoring/preview/index.html?load=https://pawscomp2.sis.pitt.edu/pcex-authoring/api/hub/68bdb309f6cc3d7a9cc097e8?_t=1757542838428&index=1
4301,https://pawscomp2.sis.pitt.edu/pcex-authoring/preview/index.html?load=https://pawscomp2.sis.pitt.edu/pcex-authoring/api/hub/68bdb309f6cc3d7a9cc097e8?_t=1757542838428&index=2
4302,https://pawscomp2.sis.pitt.edu/pcex-authoring/preview/index.html?load=https://pawscomp2.sis.pitt.edu/pcex-authoring/api/hub/68bdb309f6cc3d7a9cc097dd?_t=1757542896256&index=0
4303,https://pawscomp2.sis.pitt.edu/pcex-authoring/preview/index.html?load=https://pawscomp2.sis.pitt.edu/pcex-authoring/api/hub/68bdb309f6cc3d7a9cc097dd?_t=1757542896256&index=1
4304,https://pawscomp2.sis.pitt.edu/pcex-authoring/preview/index.html?load=https://pawscomp2.sis.pitt.edu/pcex-authoring/api/hub/68bdb309f6cc3d7a9cc097dd?_t=1757542896256&index=2
4305,https://pawscomp2.sis.pitt.edu/pcex-authoring/preview/index.html?load=https://pawscomp2.sis.pitt.edu/pcex-authoring/api/hub/68bdb309f6cc3d7a9cc097d2?_t=1757542928667&index=0
4306,https://pawscomp2.sis.pitt.edu/pcex-authoring/preview/index.html?load=https://pawscomp2.sis.pitt.edu/pcex-authoring/api/hub/68bdb309f6cc3d7a9cc097d2?_t=1757542928667&index=1
4307,https://pawscomp2.sis.pitt.edu/pcex-authoring/preview/index.html?load=https://pawscomp2.sis.pitt.edu/pcex-authoring/api/hub/68bdb309f6cc3d7a9cc097d2?_t=1757542928667&index=2
4308,https://pawscomp2.sis.pitt.edu/pcex-authoring/preview/index.html?load=https://pawscomp2.sis.pitt.edu/pcex-authoring/api/hub/68bdb309f6cc3d7a9cc097c7?_t=1757543451055&index=0
4309,https://pawscomp2.sis.pitt.edu/pcex-authoring/preview/index.html?load=https://pawscomp2.sis.pitt.edu/pcex-authoring/api/hub/68bdb309f6cc3d7a9cc097c7?_t=1757543451055&index=1
4310,https://pawscomp2.sis.pitt.edu/pcex-authoring/preview/index.html?load=https://pawscomp2.sis.pitt.edu/pcex-authoring/api/hub/68bdb309f6cc3d7a9cc097c7?_t=1757543451055&index=2
4311,https://pawscomp2.sis.pitt.edu/pcex-authoring/preview/index.html?load=https://pawscomp2.sis.pitt.edu/pcex-authoring/api/hub/68bdb309f6cc3d7a9cc097bc?_t=1757543543425&index=0
4312,https://pawscomp2.sis.pitt.edu/pcex-authoring/preview/index.html?load=https://pawscomp2.sis.pitt.edu/pcex-authoring/api/hub/68bdb309f6cc3d7a9cc097bc?_t=1757543543425&index=1
4313,https://pawscomp2.sis.pitt.edu/pcex-authoring/preview/index.html?load=https://pawscomp2.sis.pitt.edu/pcex-authoring/api/hub/68bdb309f6cc3d7a9cc097b4?_t=1757543829917&index=0
4314,https://pawscomp2.sis.pitt.edu/pcex-authoring/preview/index.html?load=https://pawscomp2.sis.pitt.edu/pcex-authoring/api/hub/68bdb309f6cc3d7a9cc097b4?_t=1757543829917&index=1
4315,https://pawscomp2.sis.pitt.edu/pcex-authoring/preview/index.html?load=https://pawscomp2.sis.pitt.edu/pcex-authoring/api/hub/68bdb309f6cc3d7a9cc097ac?_t=1757556848204&index=0
4316,https://pawscomp2.sis.pitt.edu/pcex-authoring/preview/index.html?load=https://pawscomp2.sis.pitt.edu/pcex-authoring/api/hub/68bdb309f6cc3d7a9cc097ac?_t=1757556848204&index=1
4317,https://pawscomp2.sis.pitt.edu/pcex-authoring/preview/index.html?load=https://pawscomp2.sis.pitt.edu/pcex-authoring/api/hub/68bdb309f6cc3d7a9cc097a4?_t=1757556881349&index=0
4318,https://pawscomp2.sis.pitt.edu/pcex-authoring/preview/index.html?load=https://pawscomp2.sis.pitt.edu/pcex-authoring/api/hub/68bdb309f6cc3d7a9cc097a4?_t=1757556881349&index=1
4319,https://pawscomp2.sis.pitt.edu/pcex-authoring/preview/index.html?load=https://pawscomp2.sis.pitt.edu/pcex-authoring/api/hub/68bdb309f6cc3d7a9cc0979c?_t=1757556939295&index=0
4320,https://pawscomp2.sis.pitt.edu/pcex-authoring/preview/index.html?load=https://pawscomp2.sis.pitt.edu/pcex-authoring/api/hub/68bdb309f6cc3d7a9cc0979c?_t=1757556939295&index=1
4321,https://pawscomp2.sis.pitt.edu/pcex-authoring/preview/index.html?load=https://pawscomp2.sis.pitt.edu/pcex-authoring/api/hub/68bdb309f6cc3d7a9cc09794?_t=1757556960162&index=0
4322,https://pawscomp2.sis.pitt.edu/pcex-authoring/preview/index.html?load=https://pawscomp2.sis.pitt.edu/pcex-authoring/api/hub/68bdb309f6cc3d7a9cc09794?_t=1757556960162&index=1
4323,https://pawscomp2.sis.pitt.edu/pcex-authoring/preview/index.html?load=https://pawscomp2.sis.pitt.edu/pcex-authoring/api/hub/68bdb309f6cc3d7a9cc0978c?_t=1757556987730&index=0
4324,https://pawscomp2.sis.pitt.edu/pcex-authoring/preview/index.html?load=https://pawscomp2.sis.pitt.edu/pcex-authoring/api/hub/68bdb309f6cc3d7a9cc0978c?_t=1757556987730&index=1
4325,https://pawscomp2.sis.pitt.edu/pcex-authoring/preview/index.html?load=https://pawscomp2.sis.pitt.edu/pcex-authoring/api/hub/68bdb309f6cc3d7a9cc09784?_t=1758485059927&index=0
4326,https://pawscomp2.sis.pitt.edu/pcex-authoring/preview/index.html?load=https://pawscomp2.sis.pitt.edu/pcex-authoring/api/hub/68bdb309f6cc3d7a9cc09784?_t=1758485059927&index=1
4327,https://pawscomp2.sis.pitt.edu/pcex-authoring/preview/index.html?load=https://pawscomp2.sis.pitt.edu/pcex-authoring/api/hub/68bdb309f6cc3d7a9cc0977c?_t=1757557067728&index=0
4328,https://pawscomp2.sis.pitt.edu/pcex-authoring/preview/index.html?load=https://pawscomp2.sis.pitt.edu/pcex-authoring/api/hub/68bdb309f6cc3d7a9cc0977c?_t=1757557067728&index=1
4329,https://pawscomp2.sis.pitt.edu/pcex-authoring/preview/index.html?load=https://pawscomp2.sis.pitt.edu/pcex-authoring/api/hub/68bdb309f6cc3d7a9cc0977c?_t=1757557067728&index=2
4330,https://pawscomp2.sis.pitt.edu/pcex-authoring/preview/index.html?load=https://pawscomp2.sis.pitt.edu/pcex-authoring/api/hub/68bdb309f6cc3d7a9cc09771?_t=1757557074510&index=0
4331,https://pawscomp2.sis.pitt.edu/pcex-authoring/preview/index.html?load=https://pawscomp2.sis.pitt.edu/pcex-authoring/api/hub/68bdb309f6cc3d7a9cc09771?_t=1757557074510&index=1
4332,https://pawscomp2.sis.pitt.edu/pcex-authoring/preview/index.html?load=https://pawscomp2.sis.pitt.edu/pcex-authoring/api/hub/68bdb309f6cc3d7a9cc09769?_t=1758487278778&index=0
4333,https://pawscomp2.sis.pitt.edu/pcex-authoring/preview/index.html?load=https://pawscomp2.sis.pitt.edu/pcex-authoring/api/hub/68bdb309f6cc3d7a9cc09769?_t=1758487278778&index=1
4334,https://pawscomp2.sis.pitt.edu/pcex-authoring/preview/index.html?load=https://pawscomp2.sis.pitt.edu/pcex-authoring/api/hub/68bdb309f6cc3d7a9cc09761?_t=1757557106275&index=0
4335,https://pawscomp2.sis.pitt.edu/pcex-authoring/preview/index.html?load=https://pawscomp2.sis.pitt.edu/pcex-authoring/api/hub/68bdb309f6cc3d7a9cc09761?_t=1757557106275&index=1
4336,https://pawscomp2.sis.pitt.edu/pcex-authoring/preview/index.html?load=https://pawscomp2.sis.pitt.edu/pcex-authoring/api/hub/68bdb309f6cc3d7a9cc09761?_t=1757557106275&index=2
4337,https://pawscomp2.sis.pitt.edu/pcex-authoring/preview/index.html?load=https://pawscomp2.sis.pitt.edu/pcex-authoring/api/hub/68bdb308f6cc3d7a9cc09756?_t=1757557133369&index=0
4338,https://pawscomp2.sis.pitt.edu/pcex-authoring/preview/index.html?load=https://pawscomp2.sis.pitt.edu/pcex-authoring/api/hub/68bdb308f6cc3d7a9cc09756?_t=1757557133369&index=1
4339,https://pawscomp2.sis.pitt.edu/pcex-authoring/preview/index.html?load=https://pawscomp2.sis.pitt.edu/pcex-authoring/api/hub/68bdb308f6cc3d7a9cc0974e?_t=1757995042361&index=0
4340,https://pawscomp2.sis.pitt.edu/pcex-authoring/preview/index.html?load=https://pawscomp2.sis.pitt.edu/pcex-authoring/api/hub/68bdb308f6cc3d7a9cc0974e?_t=1757995042361&index=1
4341,https://pawscomp2.sis.pitt.edu/pcex-authoring/preview/index.html?load=https://pawscomp2.sis.pitt.edu/pcex-authoring/api/hub/68bdb308f6cc3d7a9cc09746?_t=1757557165442&index=0
4342,https://pawscomp2.sis.pitt.edu/pcex-authoring/preview/index.html?load=https://pawscomp2.sis.pitt.edu/pcex-authoring/api/hub/68bdb308f6cc3d7a9cc09746?_t=1757557165442&index=1
4343,https://pawscomp2.sis.pitt.edu/pcex-authoring/preview/index.html?load=https://pawscomp2.sis.pitt.edu/pcex-authoring/api/hub/68bdb308f6cc3d7a9cc0973e?_t=1757557198020&index=0
4344,https://pawscomp2.sis.pitt.edu/pcex-authoring/preview/index.html?load=https://pawscomp2.sis.pitt.edu/pcex-authoring/api/hub/68bdb308f6cc3d7a9cc0973e?_t=1757557198020&index=1
4345,https://pawscomp2.sis.pitt.edu/pcex-authoring/preview/index.html?load=https://pawscomp2.sis.pitt.edu/pcex-authoring/api/hub/68bdb308f6cc3d7a9cc09736?_t=1757557202087&index=0
4346,https://pawscomp2.sis.pitt.edu/pcex-authoring/preview/index.html?load=https://pawscomp2.sis.pitt.edu/pcex-authoring/api/hub/68bdb308f6cc3d7a9cc09736?_t=1757557202087&index=1
4347,https://pawscomp2.sis.pitt.edu/pcex-authoring/preview/index.html?load=https://pawscomp2.sis.pitt.edu/pcex-authoring/api/hub/68bdb308f6cc3d7a9cc0972e?_t=1757557219672&index=0
4348,https://pawscomp2.sis.pitt.edu/pcex-authoring/preview/index.html?load=https://pawscomp2.sis.pitt.edu/pcex-authoring/api/hub/68bdb308f6cc3d7a9cc0972e?_t=1757557219672&index=1
4349,https://pawscomp2.sis.pitt.edu/pcex-authoring/preview/index.html?load=https://pawscomp2.sis.pitt.edu/pcex-authoring/api/hub/68bdb308f6cc3d7a9cc0972e?_t=1757557219672&index=2
4350,https://pawscomp2.sis.pitt.edu/pcex-authoring/preview/index.html?load=https://pawscomp2.sis.pitt.edu/pcex-authoring/api/hub/68bdb308f6cc3d7a9cc09723?_t=1757557331659&index=0
4351,https://pawscomp2.sis.pitt.edu/pcex-authoring/preview/index.html?load=https://pawscomp2.sis.pitt.edu/pcex-authoring/api/hub/68bdb308f6cc3d7a9cc09723?_t=1757557331659&index=1
4352,https://pawscomp2.sis.pitt.edu/pcex-authoring/preview/index.html?load=https://pawscomp2.sis.pitt.edu/pcex-authoring/api/hub/68bdb308f6cc3d7a9cc0971b?_t=1757557335332&index=0
4353,https://pawscomp2.sis.pitt.edu/pcex-authoring/preview/index.html?load=https://pawscomp2.sis.pitt.edu/pcex-authoring/api/hub/68bdb308f6cc3d7a9cc0971b?_t=1757557335332&index=1
4354,https://pawscomp2.sis.pitt.edu/pcex-authoring/preview/index.html?load=https://pawscomp2.sis.pitt.edu/pcex-authoring/api/hub/68bdb308f6cc3d7a9cc0971b?_t=1757557335332&index=2
4355,https://pawscomp2.sis.pitt.edu/pcex-authoring/preview/index.html?load=https://pawscomp2.sis.pitt.edu/pcex-authoring/api/hub/68bdb308f6cc3d7a9cc09710?_t=1757557365503&index=0
4356,https://pawscomp2.sis.pitt.edu/pcex-authoring/preview/index.html?load=https://pawscomp2.sis.pitt.edu/pcex-authoring/api/hub/68bdb308f6cc3d7a9cc09710?_t=1757557365503&index=1
4357,https://pawscomp2.sis.pitt.edu/pcex-authoring/preview/index.html?load=https://pawscomp2.sis.pitt.edu/pcex-authoring/api/hub/68bdb308f6cc3d7a9cc09710?_t=1757557365503&index=2
4358,https://pawscomp2.sis.pitt.edu/pcex-authoring/preview/index.html?load=https://pawscomp2.sis.pitt.edu/pcex-authoring/api/hub/68bdb308f6cc3d7a9cc09705?_t=1757557413901&index=0
4359,https://pawscomp2.sis.pitt.edu/pcex-authoring/preview/index.html?load=https://pawscomp2.sis.pitt.edu/pcex-authoring/api/hub/68bdb308f6cc3d7a9cc09705?_t=1757557413901&index=1
4360,https://pawscomp2.sis.pitt.edu/pcex-authoring/preview/index.html?load=https://pawscomp2.sis.pitt.edu/pcex-authoring/api/hub/68bdb308f6cc3d7a9cc096fd?_t=1757557435980&index=0
4361,https://pawscomp2.sis.pitt.edu/pcex-authoring/preview/index.html?load=https://pawscomp2.sis.pitt.edu/pcex-authoring/api/hub/68bdb308f6cc3d7a9cc096fd?_t=1757557435980&index=1
4362,https://pawscomp2.sis.pitt.edu/pcex-authoring/preview/index.html?load=https://pawscomp2.sis.pitt.edu/pcex-authoring/api/hub/68bdb308f6cc3d7a9cc096f5?_t=1757557439753&index=0
4363,https://pawscomp2.sis.pitt.edu/pcex-authoring/preview/index.html?load=https://pawscomp2.sis.pitt.edu/pcex-authoring/api/hub/68bdb308f6cc3d7a9cc096f5?_t=1757557439753&index=1
4364,https://pawscomp2.sis.pitt.edu/pcex-authoring/preview/index.html?load=https://pawscomp2.sis.pitt.edu/pcex-authoring/api/hub/68bdb308f6cc3d7a9cc096ed?_t=1757557448674&index=0
4365,https://pawscomp2.sis.pitt.edu/pcex-authoring/preview/index.html?load=https://pawscomp2.sis.pitt.edu/pcex-authoring/api/hub/68bdb308f6cc3d7a9cc096ed?_t=1757557448674&index=1
4366,https://pawscomp2.sis.pitt.edu/pcex-authoring/preview/index.html?load=https://pawscomp2.sis.pitt.edu/pcex-authoring/api/hub/68bdb308f6cc3d7a9cc096ed?_t=1757557448674&index=2
4367,https://pawscomp2.sis.pitt.edu/pcex-authoring/preview/index.html?load=https://pawscomp2.sis.pitt.edu/pcex-authoring/api/hub/68bdb308f6cc3d7a9cc096e2?_t=1757557481321&index=0
4368,https://pawscomp2.sis.pitt.edu/pcex-authoring/preview/index.html?load=https://pawscomp2.sis.pitt.edu/pcex-authoring/api/hub/68bdb308f6cc3d7a9cc096e2?_t=1757557481321&index=1
4369,https://pawscomp2.sis.pitt.edu/pcex-authoring/preview/index.html?load=https://pawscomp2.sis.pitt.edu/pcex-authoring/api/hub/68bdb308f6cc3d7a9cc096da?_t=1757557485160&index=0
4370,https://pawscomp2.sis.pitt.edu/pcex-authoring/preview/index.html?load=https://pawscomp2.sis.pitt.edu/pcex-authoring/api/hub/68bdb308f6cc3d7a9cc096da?_t=1757557485160&index=1
4371,https://pawscomp2.sis.pitt.edu/pcex-authoring/preview/index.html?load=https://pawscomp2.sis.pitt.edu/pcex-authoring/api/hub/68bdb308f6cc3d7a9cc096da?_t=1757557485160&index=2
4372,https://pawscomp2.sis.pitt.edu/pcex-authoring/preview/index.html?load=https://pawscomp2.sis.pitt.edu/pcex-authoring/api/hub/68bdb308f6cc3d7a9cc096cf?_t=1757557549591&index=0
4373,https://pawscomp2.sis.pitt.edu/pcex-authoring/preview/index.html?load=https://pawscomp2.sis.pitt.edu/pcex-authoring/api/hub/68bdb308f6cc3d7a9cc096cf?_t=1757557549591&index=1
4374,https://pawscomp2.sis.pitt.edu/pcex-authoring/preview/index.html?load=https://pawscomp2.sis.pitt.edu/pcex-authoring/api/hub/68bdb308f6cc3d7a9cc096c7?_t=1757557552174&index=0
4375,https://pawscomp2.sis.pitt.edu/pcex-authoring/preview/index.html?load=https://pawscomp2.sis.pitt.edu/pcex-authoring/api/hub/68bdb308f6cc3d7a9cc096c7?_t=1757557552174&index=1
4376,https://pawscomp2.sis.pitt.edu/pcex-authoring/preview/index.html?load=https://pawscomp2.sis.pitt.edu/pcex-authoring/api/hub/68bdb308f6cc3d7a9cc096bf?_t=1757557557305&index=0
4377,https://pawscomp2.sis.pitt.edu/pcex-authoring/preview/index.html?load=https://pawscomp2.sis.pitt.edu/pcex-authoring/api/hub/68bdb308f6cc3d7a9cc096bf?_t=1757557557305&index=1
4378,https://pawscomp2.sis.pitt.edu/pcex-authoring/preview/index.html?load=https://pawscomp2.sis.pitt.edu/pcex-authoring/api/hub/68bdb308f6cc3d7a9cc096b7?_t=1757557568035&index=0
4379,https://pawscomp2.sis.pitt.edu/pcex-authoring/preview/index.html?load=https://pawscomp2.sis.pitt.edu/pcex-authoring/api/hub/68bdb308f6cc3d7a9cc096b7?_t=1757557568035&index=1
4380,https://pawscomp2.sis.pitt.edu/pcex-authoring/preview/index.html?load=https://pawscomp2.sis.pitt.edu/pcex-authoring/api/hub/68bdb308f6cc3d7a9cc096af?_t=1757557604568&index=0
4381,https://pawscomp2.sis.pitt.edu/pcex-authoring/preview/index.html?load=https://pawscomp2.sis.pitt.edu/pcex-authoring/api/hub/68bdb308f6cc3d7a9cc096af?_t=1757557604568&index=1
4382,https://pawscomp2.sis.pitt.edu/pcex-authoring/preview/index.html?load=https://pawscomp2.sis.pitt.edu/pcex-authoring/api/hub/68bdb308f6cc3d7a9cc096a7?_t=1757557608459&index=0
4383,https://pawscomp2.sis.pitt.edu/pcex-authoring/preview/index.html?load=https://pawscomp2.sis.pitt.edu/pcex-authoring/api/hub/68bdb308f6cc3d7a9cc096a7?_t=1757557608459&index=1
4384,https://pawscomp2.sis.pitt.edu/pcex-authoring/preview/index.html?load=https://pawscomp2.sis.pitt.edu/pcex-authoring/api/hub/68bdb308f6cc3d7a9cc0969f?_t=1757557630088&index=0
4385,https://pawscomp2.sis.pitt.edu/pcex-authoring/preview/index.html?load=https://pawscomp2.sis.pitt.edu/pcex-authoring/api/hub/68bdb308f6cc3d7a9cc0969f?_t=1757557630088&index=1
4386,https://pawscomp2.sis.pitt.edu/pcex-authoring/preview/index.html?load=https://pawscomp2.sis.pitt.edu/pcex-authoring/api/hub/68bdb308f6cc3d7a9cc09697?_t=1757557649318&index=0
4387,https://pawscomp2.sis.pitt.edu/pcex-authoring/preview/index.html?load=https://pawscomp2.sis.pitt.edu/pcex-authoring/api/hub/68bdb308f6cc3d7a9cc09697?_t=1757557649318&index=1
4388,https://pawscomp2.sis.pitt.edu/pcex-authoring/preview/index.html?load=https://pawscomp2.sis.pitt.edu/pcex-authoring/api/hub/68bdb308f6cc3d7a9cc0968f?_t=1757557653868&index=0
4389,https://pawscomp2.sis.pitt.edu/pcex-authoring/preview/index.html?load=https://pawscomp2.sis.pitt.edu/pcex-authoring/api/hub/68bdb308f6cc3d7a9cc0968f?_t=1757557653868&index=1
4390,https://pawscomp2.sis.pitt.edu/pcex-authoring/preview/index.html?load=https://pawscomp2.sis.pitt.edu/pcex-authoring/api/hub/68bdb308f6cc3d7a9cc09687?_t=1757557672139&index=0
4391,https://pawscomp2.sis.pitt.edu/pcex-authoring/preview/index.html?load=https://pawscomp2.sis.pitt.edu/pcex-authoring/api/hub/68bdb308f6cc3d7a9cc09687?_t=1757557672139&index=1
4392,https://pawscomp2.sis.pitt.edu/pcex-authoring/preview/index.html?load=https://pawscomp2.sis.pitt.edu/pcex-authoring/api/hub/68bdb308f6cc3d7a9cc0967f?_t=1757557674629&index=0
4393,https://pawscomp2.sis.pitt.edu/pcex-authoring/preview/index.html?load=https://pawscomp2.sis.pitt.edu/pcex-authoring/api/hub/68bdb308f6cc3d7a9cc0967f?_t=1757557674629&index=1
4394,https://pawscomp2.sis.pitt.edu/pcex-authoring/preview/index.html?load=https://pawscomp2.sis.pitt.edu/pcex-authoring/api/hub/68bdb308f6cc3d7a9cc0967f?_t=1757557674629&index=2
4395,https://pawscomp2.sis.pitt.edu/pcex-authoring/preview/index.html?load=https://pawscomp2.sis.pitt.edu/pcex-authoring/api/hub/664e3efd91363872f0ba35f8?_t=1757995050643&index=0
4396,https://pawscomp2.sis.pitt.edu/pcex-authoring/preview/index.html?load=https://pawscomp2.sis.pitt.edu/pcex-authoring/api/hub/664e3efd91363872f0ba35f8?_t=1757995050643&index=1
4397,https://pawscomp2.sis.pitt.edu/pcex-authoring/preview/index.html?load=https://pawscomp2.sis.pitt.edu/pcex-authoring/api/hub/664e24f091363872f0ba3330?_t=1757995061858&index=0
4398,https://pawscomp2.sis.pitt.edu/pcex-authoring/preview/index.html?load=https://pawscomp2.sis.pitt.edu/pcex-authoring/api/hub/664e24f091363872f0ba3330?_t=1757995061858&index=1
4399,https://pawscomp2.sis.pitt.edu/pcex-authoring/preview/index.html?load=https://pawscomp2.sis.pitt.edu/pcex-authoring/api/hub/677c5572949ed2ff17c30456?_t=1757995084547&index=0
4400,https://pawscomp2.sis.pitt.edu/pcex-authoring/preview/index.html?load=https://pawscomp2.sis.pitt.edu/pcex-authoring/api/hub/677c5572949ed2ff17c30456?_t=1757995084547&index=1
4401,https://pawscomp2.sis.pitt.edu/pcex-authoring/preview/index.html?load=https://pawscomp2.sis.pitt.edu/pcex-authoring/api/hub/664e505691363872f0ba38f8?_t=1757995097577&index=0
4402,https://pawscomp2.sis.pitt.edu/pcex-authoring/preview/index.html?load=https://pawscomp2.sis.pitt.edu/pcex-authoring/api/hub/664e505691363872f0ba38f8?_t=1757995097577&index=1
4403,https://pawscomp2.sis.pitt.edu/pcex-authoring/preview/index.html?load=https://pawscomp2.sis.pitt.edu/pcex-authoring/api/hub/664e241291363872f0ba32f4?_t=1757995103718&index=0
4404,https://pawscomp2.sis.pitt.edu/pcex-authoring/preview/index.html?load=https://pawscomp2.sis.pitt.edu/pcex-authoring/api/hub/664e241291363872f0ba32f4?_t=1757995103718&index=1
4489,https://pawscomp2.sis.pitt.edu/pcex-authoring/preview/index.html?load=https://pawscomp2.sis.pitt.edu/pcex-authoring/api/hub/693b198480e2aaa929a24b2f?_t=1765504394715&index=0
4490,https://pawscomp2.sis.pitt.edu/pcex-authoring/preview/index.html?load=https://pawscomp2.sis.pitt.edu/pcex-authoring/api/hub/693b198480e2aaa929a24b2f?_t=1765504394715&index=1
4491,https://pawscomp2.sis.pitt.edu/pcex-authoring/preview/index.html?load=https://pawscomp2.sis.pitt.edu/pcex-authoring/api/hub/693b7768a100f6c09c868017?_t=1765511632094&index=0
4492,https://pawscomp2.sis.pitt.edu/pcex-authoring/preview/index.html?load=https://pawscomp2.sis.pitt.edu/pcex-authoring/api/hub/693b7768a100f6c09c868017?_t=1765511632094&index=1
4495,https://pawscomp2.sis.pitt.edu/pcex-authoring/preview/index.html?load=https://pawscomp2.sis.pitt.edu/pcex-authoring/api/hub/693b91e4e6aa8ff1d74dbf9f?_t=1765511858651&index=0
4496,https://pawscomp2.sis.pitt.edu/pcex-authoring/preview/index.html?load=https://pawscomp2.sis.pitt.edu/pcex-authoring/api/hub/693b91e4e6aa8ff1d74dbf9f?_t=1765511858651&index=1
4497,https://pawscomp2.sis.pitt.edu/pcex-authoring/preview/index.html?load=https://pawscomp2.sis.pitt.edu/pcex-authoring/api/hub/693c6c7a0204cf59f02a3743?_t=1765806111363&index=1
4499,https://pawscomp2.sis.pitt.edu/pcex-authoring/preview/index.html?load=https://pawscomp2.sis.pitt.edu/pcex-authoring/api/hub/693c6c7a0204cf59f02a3743?_t=1765806111363&index=2
4500,https://pawscomp2.sis.pitt.edu/pcex-authoring/preview/index.html?load=https://pawscomp2.sis.pitt.edu/pcex-authoring/api/hub/6940bdc4b71cfad9381f505f?_t=1766550987295&index=0
4501,https://pawscomp2.sis.pitt.edu/pcex-authoring/preview/index.html?load=http://pawscomp2.sis.pitt.edu/pcex-authoring/api/hub/69ab3e2dc83ddf595492b29d?_t=1772830422199&index=0
4502,https://pawscomp2.sis.pitt.edu/pcex-authoring/preview/index.html?load=http://pawscomp2.sis.pitt.edu/pcex-authoring/api/hub/69ab3e2dc83ddf595492b29d?_t=1772830422199&index=1
4503,https://pawscomp2.sis.pitt.edu/pcex-authoring/preview/index.html?load=http://pawscomp2.sis.pitt.edu/pcex-authoring/api/hub/67b527ef136666301a9e7b8f?_t=1772830493893&index=0
4504,https://pawscomp2.sis.pitt.edu/pcex-authoring/preview/index.html?load=http://pawscomp2.sis.pitt.edu/pcex-authoring/api/hub/67b527ef136666301a9e7b8f?_t=1772830493893&index=1
4505,https://pawscomp2.sis.pitt.edu/pcex-authoring/preview/index.html?load=http://pawscomp2.sis.pitt.edu/pcex-authoring/api/hub/67aaaf6a136666301a9e53f2?_t=1772830532467&index=0
4506,https://pawscomp2.sis.pitt.edu/pcex-authoring/preview/index.html?load=http://pawscomp2.sis.pitt.edu/pcex-authoring/api/hub/67aaaf6a136666301a9e53f2?_t=1772830532467&index=1