223156,http://pawscomp2.sis.pitt.edu/pcex-authoring/preview/index.html?load=http://pawscomp2.sis.pitt.edu/pcex-authoring/api/hub/65ff72dcf1aa1b9c009c1993?_t=1748888570105
223163,http://pawscomp2.sis.pitt.edu/pcex-authoring/preview/index.html?load=http://pawscomp2.sis.pitt.edu/pcex-authoring/api/hub/67feca51b4d40c3d67f0770e?_t=1748657535622
223168,http://pawscomp2.sis.pitt.edu/pcex-authoring/preview/index.html?load=http://pawscomp2.sis.pitt.edu/pcex-authoring/api/hub/683a659db47d113749958e09?_t=1748658542559
223173,http://pawscomp2.sis.pitt.edu/pcex-authoring/preview/index.html?load=http://pawscomp2.sis.pitt.edu/pcex-authoring/api/hub/683a673bb47d113749958e36?_t=1748657986019
223179,http://pawscomp2.sis.pitt.edu/pcex-authoring/preview/index.html?load=http://pawscomp2.sis.pitt.edu/pcex-authoring/api/hub/683a697bb47d113749958e5b?_t=1748658935804
223184,http://pawscomp2.sis.pitt.edu/pcex-authoring/preview/index.html?load=http://pawscomp2.sis.pitt.edu/pcex-authoring/api/hub/683a6b1cb47d113749958e7f?_t=1748662803553
223189,http://pawscomp2.sis.pitt.edu/pcex-authoring/preview/index.html?load=http://pawscomp2.sis.pitt.edu/pcex-authoring/api/hub/683a6bdcb47d113749958e95?_t=1748716989704
223194,http://pawscomp2.sis.pitt.edu/pcex-authoring/preview/index.html?load=http://pawscomp2.sis.pitt.edu/pcex-authoring/api/hub/683a6fd9b47d113749958eb8?_t=1748716959167
223200,http://pawscomp2.sis.pitt.edu/pcex-authoring/preview/index.html?load=http://pawscomp2.sis.pitt.edu/pcex-authoring/api/hub/683a72c1b47d113749958ef8?_t=1748716937187
223206,http://pawscomp2.sis.pitt.edu/pcex-authoring/preview/index.html?load=http://pawscomp2.sis.pitt.edu/pcex-authoring/api/hub/683a7a4f4499273ab8db658a?_t=1748717869706
223212,http://pawscomp2.sis.pitt.edu/pcex-authoring/preview/index.html?load=http://pawscomp2.sis.pitt.edu/pcex-authoring/api/hub/683a7bc94499273ab8db65b7?_t=1748665689886
223219,http://pawscomp2.sis.pitt.edu/pcex-authoring/preview/index.html?load=http://pawscomp2.sis.pitt.edu/pcex-authoring/api/hub/683a85f527c37279d84e7955?_t=1748716992267
223336,http://pawscomp2.sis.pitt.edu/pcex-authoring/preview/index.html?load=http://pawscomp2.sis.pitt.edu/pcex-authoring/api/hub/683b514227c37279d84e7db0?_t=1748718394194
223342,http://pawscomp2.sis.pitt.edu/pcex-authoring/preview/index.html?load=http://pawscomp2.sis.pitt.edu/pcex-authoring/api/hub/683b6c02d426b6fa3bccce79?_t=1748726678763
223429,http://pawscomp2.sis.pitt.edu/pcex-authoring/preview/index.html?load=http://pawscomp2.sis.pitt.edu/pcex-authoring/api/hub/664e23fd91363872f0ba32ea?_t=1749071975286
223448,http://pawscomp2.sis.pitt.edu/pcex-authoring/preview/index.html?load=http://pawscomp2.sis.pitt.edu/pcex-authoring/api/hub/6841a563df5ea13f28e41c50?_t=1749132783194
223455,http://pawscomp2.sis.pitt.edu/pcex-authoring/preview/index.html?load=http://pawscomp2.sis.pitt.edu/pcex-authoring/api/hub/68419c3511cf4a11873bc7a3?_t=1750119236597
223464,http://pawscomp2.sis.pitt.edu/pcex-authoring/preview/index.html?load=http://pawscomp2.sis.pitt.edu/pcex-authoring/api/hub/6827373266a8e1b992c81241?_t=1749534494091
223478,http://pawscomp2.sis.pitt.edu/pcex-authoring/preview/index.html?load=http://pawscomp2.sis.pitt.edu/pcex-authoring/api/hub/6834728366a8e1b992c843d6?_t=1749534479778
223490,http://pawscomp2.sis.pitt.edu/pcex-authoring/preview/index.html?load=http://pawscomp2.sis.pitt.edu/pcex-authoring/api/hub/6847083edf5ea13f28e4317c?_t=1749485645138
223497,http://pawscomp2.sis.pitt.edu/pcex-authoring/preview/index.html?load=http://pawscomp2.sis.pitt.edu/pcex-authoring/api/hub/6847087fdf5ea13f28e4319c?_t=1749485715104
223501,http://pawscomp2.sis.pitt.edu/pcex-authoring/preview/index.html?load=http://pawscomp2.sis.pitt.edu/pcex-authoring/api/hub/68273d7266a8e1b992c81271?_t=1750184380227
223509,http://pawscomp2.sis.pitt.edu/pcex-authoring/preview/index.html?load=http://pawscomp2.sis.pitt.edu/pcex-authoring/api/hub/682dc48e66a8e1b992c82a8a?_t=1750184382590
223518,http://pawscomp2.sis.pitt.edu/pcex-authoring/preview/index.html?load=http://pawscomp2.sis.pitt.edu/pcex-authoring/api/hub/682dc89766a8e1b992c82aaf?_t=1750184385233
223534,http://pawscomp2.sis.pitt.edu/pcex-authoring/preview/index.html?load=http://pawscomp2.sis.pitt.edu/pcex-authoring/api/hub/682dca7366a8e1b992c82adf?_t=1750184393212
223545,http://pawscomp2.sis.pitt.edu/pcex-authoring/preview/index.html?load=http://pawscomp2.sis.pitt.edu/pcex-authoring/api/hub/682dcaab66a8e1b992c82af3?_t=1750184398685
223559,http://pawscomp2.sis.pitt.edu/pcex-authoring/preview/index.html?load=http://pawscomp2.sis.pitt.edu/pcex-authoring/api/hub/682dcacc66a8e1b992c82b04?_t=1750184403978
223574,http://pawscomp2.sis.pitt.edu/pcex-authoring/preview/index.html?load=http://pawscomp2.sis.pitt.edu/pcex-authoring/api/hub/682dcce666a8e1b992c82b33?_t=1750184417221
223593,http://pawscomp2.sis.pitt.edu/pcex-authoring/preview/index.html?load=http://pawscomp2.sis.pitt.edu/pcex-authoring/api/hub/64b8254b8e6e24cfe20cc8f9?_t=1749570421970
223600,http://pawscomp2.sis.pitt.edu/pcex-authoring/preview/index.html?load=http://pawscomp2.sis.pitt.edu/pcex-authoring/api/hub/682dca1966a8e1b992c82ad0?_t=1750184389188
223616,http://pawscomp2.sis.pitt.edu/pcex-authoring/preview/index.html?load=http://pawscomp2.sis.pitt.edu/pcex-authoring/api/hub/682dcb6866a8e1b992c82b12?_t=1750184407445
223639,http://pawscomp2.sis.pitt.edu/pcex-authoring/preview/index.html?load=http://pawscomp2.sis.pitt.edu/pcex-authoring/api/hub/682dcc1c66a8e1b992c82b1f?_t=1750184411787
223668,http://pawscomp2.sis.pitt.edu/pcex-authoring/preview/index.html?load=http://pawscomp2.sis.pitt.edu/pcex-authoring/api/hub/684855dadf5ea13f28e43796?_t=1750131410601
223677,http://pawscomp2.sis.pitt.edu/pcex-authoring/preview/index.html?load=http://pawscomp2.sis.pitt.edu/pcex-authoring/api/hub/6848670adf5ea13f28e43855?_t=1749593850636
223687,http://pawscomp2.sis.pitt.edu/pcex-authoring/preview/index.html?load=http://pawscomp2.sis.pitt.edu/pcex-authoring/api/hub/6848b40edf5ea13f28e43a71?_t=1750131418247
223713,http://pawscomp2.sis.pitt.edu/pcex-authoring/preview/index.html?load=http://pawscomp2.sis.pitt.edu/pcex-authoring/api/hub/6849c51bdf5ea13f28e43e9c?_t=1749763088533
223727,http://pawscomp2.sis.pitt.edu/pcex-authoring/preview/index.html?load=http://pawscomp2.sis.pitt.edu/pcex-authoring/api/hub/684a48b993e8925157112eb7?_t=1750131406529
223744,http://pawscomp2.sis.pitt.edu/pcex-authoring/preview/index.html?load=http://pawscomp2.sis.pitt.edu/pcex-authoring/api/hub/684c3d3ca0cac29134435d81?_t=1750198426771
223757,http://pawscomp2.sis.pitt.edu/pcex-authoring/preview/index.html?load=http://pawscomp2.sis.pitt.edu/pcex-authoring/api/hub/684c61c3a0cac29134435e3c?_t=1749844183272
223764,http://pawscomp2.sis.pitt.edu/pcex-authoring/preview/index.html?load=http://pawscomp2.sis.pitt.edu/pcex-authoring/api/hub/684dd9f8a0cac2913443642b?_t=1750198422693
223785,http://pawscomp2.sis.pitt.edu/pcex-authoring/preview/index.html?load=http://pawscomp2.sis.pitt.edu/pcex-authoring/api/hub/685068eaa0cac29134436ebc?_t=1750184419936
223870,http://pawscomp2.sis.pitt.edu/pcex-authoring/preview/index.html?load=http://pawscomp2.sis.pitt.edu/pcex-authoring/api/hub/68bdb309f6cc3d7a9cc0986b?_t=1757542343776
223898,http://pawscomp2.sis.pitt.edu/pcex-authoring/preview/index.html?load=http://pawscomp2.sis.pitt.edu/pcex-authoring/api/hub/68bdb309f6cc3d7a9cc09863?_t=1757542463301
223909,http://pawscomp2.sis.pitt.edu/pcex-authoring/preview/index.html?load=http://pawscomp2.sis.pitt.edu/pcex-authoring/api/hub/68bdb309f6cc3d7a9cc0985b?_t=1757542507311
223918,http://pawscomp2.sis.pitt.edu/pcex-authoring/preview/index.html?load=http://pawscomp2.sis.pitt.edu/pcex-authoring/api/hub/68bdb309f6cc3d7a9cc09853?_t=1757995090636
223928,http://pawscomp2.sis.pitt.edu/pcex-authoring/preview/index.html?load=http://pawscomp2.sis.pitt.edu/pcex-authoring/api/hub/68bdb309f6cc3d7a9cc0984b?_t=1757542625407
223933,http://pawscomp2.sis.pitt.edu/pcex-authoring/preview/index.html?load=http://pawscomp2.sis.pitt.edu/pcex-authoring/api/hub/68bdb309f6cc3d7a9cc09843?_t=1757542652924
223948,http://pawscomp2.sis.pitt.edu/pcex-authoring/preview/index.html?load=http://pawscomp2.sis.pitt.edu/pcex-authoring/api/hub/68bdb309f6cc3d7a9cc09838?_t=1757542682513
223962,http://pawscomp2.sis.pitt.edu/pcex-authoring/preview/index.html?load=http://pawscomp2.sis.pitt.edu/pcex-authoring/api/hub/68bdb309f6cc3d7a9cc0982a?_t=1757542686507
223968,http://pawscomp2.sis.pitt.edu/pcex-authoring/preview/index.html?load=http://pawscomp2.sis.pitt.edu/pcex-authoring/api/hub/68bdb309f6cc3d7a9cc0981f?_t=1757542762742
223983,http://pawscomp2.sis.pitt.edu/pcex-authoring/preview/index.html?load=http://pawscomp2.sis.pitt.edu/pcex-authoring/api/hub/68bdb309f6cc3d7a9cc09811?_t=1757542767623
223997,http://pawscomp2.sis.pitt.edu/pcex-authoring/preview/index.html?load=http://pawscomp2.sis.pitt.edu/pcex-authoring/api/hub/68bdb309f6cc3d7a9cc09809?_t=1757542774322
224007,http://pawscomp2.sis.pitt.edu/pcex-authoring/preview/index.html?load=http://pawscomp2.sis.pitt.edu/pcex-authoring/api/hub/68bdb309f6cc3d7a9cc097fe?_t=1757542822911
224018,http://pawscomp2.sis.pitt.edu/pcex-authoring/preview/index.html?load=http://pawscomp2.sis.pitt.edu/pcex-authoring/api/hub/68bdb309f6cc3d7a9cc097f6?_t=1757542828841
224036,http://pawscomp2.sis.pitt.edu/pcex-authoring/preview/index.html?load=http://pawscomp2.sis.pitt.edu/pcex-authoring/api/hub/68bdb309f6cc3d7a9cc097e8?_t=1757542838428
224049,http://pawscomp2.sis.pitt.edu/pcex-authoring/preview/index.html?load=http://pawscomp2.sis.pitt.edu/pcex-authoring/api/hub/68bdb309f6cc3d7a9cc097dd?_t=1757542896256
224060,http://pawscomp2.sis.pitt.edu/pcex-authoring/preview/index.html?load=http://pawscomp2.sis.pitt.edu/pcex-authoring/api/hub/68bdb309f6cc3d7a9cc097d2?_t=1757542928667
224072,http://pawscomp2.sis.pitt.edu/pcex-authoring/preview/index.html?load=http://pawscomp2.sis.pitt.edu/pcex-authoring/api/hub/68bdb309f6cc3d7a9cc097c7?_t=1757543451055
224095,http://pawscomp2.sis.pitt.edu/pcex-authoring/preview/index.html?load=http://pawscomp2.sis.pitt.edu/pcex-authoring/api/hub/68bdb309f6cc3d7a9cc097bc?_t=1757543543425
224123,http://pawscomp2.sis.pitt.edu/pcex-authoring/preview/index.html?load=http://pawscomp2.sis.pitt.edu/pcex-authoring/api/hub/68bdb309f6cc3d7a9cc097b4?_t=1757543829917
224147,http://pawscomp2.sis.pitt.edu/pcex-authoring/preview/index.html?load=http://pawscomp2.sis.pitt.edu/pcex-authoring/api/hub/68bdb309f6cc3d7a9cc097ac?_t=1757556848204
224164,http://pawscomp2.sis.pitt.edu/pcex-authoring/preview/index.html?load=http://pawscomp2.sis.pitt.edu/pcex-authoring/api/hub/68bdb309f6cc3d7a9cc097a4?_t=1757556881349
224188,http://pawscomp2.sis.pitt.edu/pcex-authoring/preview/index.html?load=http://pawscomp2.sis.pitt.edu/pcex-authoring/api/hub/68bdb309f6cc3d7a9cc0979c?_t=1757556939295
224199,http://pawscomp2.sis.pitt.edu/pcex-authoring/preview/index.html?load=http://pawscomp2.sis.pitt.edu/pcex-authoring/api/hub/68bdb309f6cc3d7a9cc09794?_t=1757556960162
224220,http://pawscomp2.sis.pitt.edu/pcex-authoring/preview/index.html?load=http://pawscomp2.sis.pitt.edu/pcex-authoring/api/hub/68bdb309f6cc3d7a9cc0978c?_t=1757556987730
224243,http://pawscomp2.sis.pitt.edu/pcex-authoring/preview/index.html?load=http://pawscomp2.sis.pitt.edu/pcex-authoring/api/hub/68bdb309f6cc3d7a9cc09784?_t=1758485059927
224260,http://pawscomp2.sis.pitt.edu/pcex-authoring/preview/index.html?load=http://pawscomp2.sis.pitt.edu/pcex-authoring/api/hub/68bdb309f6cc3d7a9cc0977c?_t=1757557067728
224266,http://pawscomp2.sis.pitt.edu/pcex-authoring/preview/index.html?load=http://pawscomp2.sis.pitt.edu/pcex-authoring/api/hub/68bdb309f6cc3d7a9cc09771?_t=1757557074510
224289,http://pawscomp2.sis.pitt.edu/pcex-authoring/preview/index.html?load=http://pawscomp2.sis.pitt.edu/pcex-authoring/api/hub/68bdb309f6cc3d7a9cc09769?_t=1758487278778
224308,http://pawscomp2.sis.pitt.edu/pcex-authoring/preview/index.html?load=http://pawscomp2.sis.pitt.edu/pcex-authoring/api/hub/68bdb309f6cc3d7a9cc09761?_t=1757557106275
224322,http://pawscomp2.sis.pitt.edu/pcex-authoring/preview/index.html?load=http://pawscomp2.sis.pitt.edu/pcex-authoring/api/hub/68bdb308f6cc3d7a9cc09756?_t=1757557133369
224334,http://pawscomp2.sis.pitt.edu/pcex-authoring/preview/index.html?load=http://pawscomp2.sis.pitt.edu/pcex-authoring/api/hub/68bdb308f6cc3d7a9cc0974e?_t=1757995042361
224352,http://pawscomp2.sis.pitt.edu/pcex-authoring/preview/index.html?load=http://pawscomp2.sis.pitt.edu/pcex-authoring/api/hub/68bdb308f6cc3d7a9cc09746?_t=1757557165442
224365,http://pawscomp2.sis.pitt.edu/pcex-authoring/preview/index.html?load=http://pawscomp2.sis.pitt.edu/pcex-authoring/api/hub/68bdb308f6cc3d7a9cc0973e?_t=1757557198020
224385,http://pawscomp2.sis.pitt.edu/pcex-authoring/preview/index.html?load=http://pawscomp2.sis.pitt.edu/pcex-authoring/api/hub/68bdb308f6cc3d7a9cc09736?_t=1757557202087
224401,http://pawscomp2.sis.pitt.edu/pcex-authoring/preview/index.html?load=http://pawscomp2.sis.pitt.edu/pcex-authoring/api/hub/68bdb308f6cc3d7a9cc0972e?_t=1757557219672
224410,http://pawscomp2.sis.pitt.edu/pcex-authoring/preview/index.html?load=http://pawscomp2.sis.pitt.edu/pcex-authoring/api/hub/68bdb308f6cc3d7a9cc09723?_t=1757557331659
224418,http://pawscomp2.sis.pitt.edu/pcex-authoring/preview/index.html?load=http://pawscomp2.sis.pitt.edu/pcex-authoring/api/hub/68bdb308f6cc3d7a9cc0971b?_t=1757557335332
224426,http://pawscomp2.sis.pitt.edu/pcex-authoring/preview/index.html?load=http://pawscomp2.sis.pitt.edu/pcex-authoring/api/hub/68bdb308f6cc3d7a9cc09710?_t=1757557365503
224441,http://pawscomp2.sis.pitt.edu/pcex-authoring/preview/index.html?load=http://pawscomp2.sis.pitt.edu/pcex-authoring/api/hub/68bdb308f6cc3d7a9cc09705?_t=1757557413901
224446,http://pawscomp2.sis.pitt.edu/pcex-authoring/preview/index.html?load=http://pawscomp2.sis.pitt.edu/pcex-authoring/api/hub/68bdb308f6cc3d7a9cc096fd?_t=1757557435980
224454,http://pawscomp2.sis.pitt.edu/pcex-authoring/preview/index.html?load=http://pawscomp2.sis.pitt.edu/pcex-authoring/api/hub/68bdb308f6cc3d7a9cc096f5?_t=1757557439753
224465,http://pawscomp2.sis.pitt.edu/pcex-authoring/preview/index.html?load=http://pawscomp2.sis.pitt.edu/pcex-authoring/api/hub/68bdb308f6cc3d7a9cc096ed?_t=1757557448674
224477,http://pawscomp2.sis.pitt.edu/pcex-authoring/preview/index.html?load=http://pawscomp2.sis.pitt.edu/pcex-authoring/api/hub/68bdb308f6cc3d7a9cc096e2?_t=1757557481321
224485,http://pawscomp2.sis.pitt.edu/pcex-authoring/preview/index.html?load=http://pawscomp2.sis.pitt.edu/pcex-authoring/api/hub/68bdb308f6cc3d7a9cc096da?_t=1757557485160
224493,http://pawscomp2.sis.pitt.edu/pcex-authoring/preview/index.html?load=http://pawscomp2.sis.pitt.edu/pcex-authoring/api/hub/68bdb308f6cc3d7a9cc096cf?_t=1757557549591
224501,http://pawscomp2.sis.pitt.edu/pcex-authoring/preview/index.html?load=http://pawscomp2.sis.pitt.edu/pcex-authoring/api/hub/68bdb308f6cc3d7a9cc096c7?_t=1757557552174
224523,http://pawscomp2.sis.pitt.edu/pcex-authoring/preview/index.html?load=http://pawscomp2.sis.pitt.edu/pcex-authoring/api/hub/68bdb308f6cc3d7a9cc096bf?_t=1757557557305
224560,http://pawscomp2.sis.pitt.edu/pcex-authoring/preview/index.html?load=http://pawscomp2.sis.pitt.edu/pcex-authoring/api/hub/68bdb308f6cc3d7a9cc096b7?_t=1757557568035
224594,http://pawscomp2.sis.pitt.edu/pcex-authoring/preview/index.html?load=http://pawscomp2.sis.pitt.edu/pcex-authoring/api/hub/68bdb308f6cc3d7a9cc096af?_t=1757557604568
224634,http://pawscomp2.sis.pitt.edu/pcex-authoring/preview/index.html?load=http://pawscomp2.sis.pitt.edu/pcex-authoring/api/hub/68bdb308f6cc3d7a9cc096a7?_t=1757557608459
224644,http://pawscomp2.sis.pitt.edu/pcex-authoring/preview/index.html?load=http://pawscomp2.sis.pitt.edu/pcex-authoring/api/hub/68bdb308f6cc3d7a9cc0969f?_t=1757557630088
224652,http://pawscomp2.sis.pitt.edu/pcex-authoring/preview/index.html?load=http://pawscomp2.sis.pitt.edu/pcex-authoring/api/hub/68bdb308f6cc3d7a9cc09697?_t=1757557649318
224666,http://pawscomp2.sis.pitt.edu/pcex-authoring/preview/index.html?load=http://pawscomp2.sis.pitt.edu/pcex-authoring/api/hub/68bdb308f6cc3d7a9cc0968f?_t=1757557653868
224671,http://pawscomp2.sis.pitt.edu/pcex-authoring/preview/index.html?load=http://pawscomp2.sis.pitt.edu/pcex-authoring/api/hub/68bdb308f6cc3d7a9cc09687?_t=1757557672139
224683,http://pawscomp2.sis.pitt.edu/pcex-authoring/preview/index.html?load=http://pawscomp2.sis.pitt.edu/pcex-authoring/api/hub/68bdb308f6cc3d7a9cc0967f?_t=1757557674629
224701,http://pawscomp2.sis.pitt.edu/pcex-authoring/preview/index.html?load=http://pawscomp2.sis.pitt.edu/pcex-authoring/api/hub/664e3efd91363872f0ba35f8?_t=1757995050643
224719,http://pawscomp2.sis.pitt.edu/pcex-authoring/preview/index.html?load=http://pawscomp2.sis.pitt.edu/pcex-authoring/api/hub/664e24f091363872f0ba3330?_t=1757995061858
224735,http://pawscomp2.sis.pitt.edu/pcex-authoring/preview/index.html?load=http://pawscomp2.sis.pitt.edu/pcex-authoring/api/hub/677c5572949ed2ff17c30456?_t=1757995084547
224743,http://pawscomp2.sis.pitt.edu/pcex-authoring/preview/index.html?load=http://pawscomp2.sis.pitt.edu/pcex-authoring/api/hub/664e505691363872f0ba38f8?_t=1757995097577
224753,http://pawscomp2.sis.pitt.edu/pcex-authoring/preview/index.html?load=http://pawscomp2.sis.pitt.edu/pcex-authoring/api/hub/664e241291363872f0ba32f4?_t=1757995103718
224895,http://pawscomp2.sis.pitt.edu/pcex-authoring/preview/index.html?load=http://pawscomp2.sis.pitt.edu/pcex-authoring/api/hub/693b198480e2aaa929a24b2f?_t=1765504394715
224911,http://pawscomp2.sis.pitt.edu/pcex-authoring/preview/index.html?load=http://pawscomp2.sis.pitt.edu/pcex-authoring/api/hub/693b331e80e2aaa929a25a31?_t=1765489857258
224914,http://pawscomp2.sis.pitt.edu/pcex-authoring/preview/index.html?load=http://pawscomp2.sis.pitt.edu/pcex-authoring/api/hub/693b3d3c80e2aaa929a26014?_t=1765490244421
224982,http://pawscomp2.sis.pitt.edu/pcex-authoring/preview/index.html?load=http://pawscomp2.sis.pitt.edu/pcex-authoring/api/hub/693b7768a100f6c09c868017?_t=1765511632094
224993,http://pawscomp2.sis.pitt.edu/pcex-authoring/preview/index.html?load=http://pawscomp2.sis.pitt.edu/pcex-authoring/api/hub/693b91e4e6aa8ff1d74dbf9f?_t=1765511858651
224998,http://pawscomp2.sis.pitt.edu/pcex-authoring/preview/index.html?load=http://pawscomp2.sis.pitt.edu/pcex-authoring/api/hub/693c6c7a0204cf59f02a3743?_t=1765806111363
225016,http://pawscomp2.sis.pitt.edu/pcex-authoring/preview/index.html?load=http://pawscomp2.sis.pitt.edu/pcex-authoring/api/hub/6940bdc4b71cfad9381f505f?_t=1766550987295
225045,http://pawscomp2.sis.pitt.edu/pcex-authoring/preview/index.html?load=http://pawscomp2.sis.pitt.edu/pcex-authoring/api/hub/69ab3e2dc83ddf595492b29d?_t=1772830422199
225051,http://pawscomp2.sis.pitt.edu/pcex-authoring/preview/index.html?load=http://pawscomp2.sis.pitt.edu/pcex-authoring/api/hub/67b527ef136666301a9e7b8f?_t=1772830493893
225062,http://pawscomp2.sis.pitt.edu/pcex-authoring/preview/index.html?load=http://pawscomp2.sis.pitt.edu/pcex-authoring/api/hub/67aaaf6a136666301a9e53f2?_t=1772830532467